This file contains any messages produced by compilers while
running configure, to aid debugging if configure makes a mistake.

It was created by libsodium configure 1.0.16, which was
generated by GNU Autoconf 2.71.  Invocation command line was

  $ ../../libsodium/configure CC=cc --enable-static=yes --enable-shared=no --prefix=/ --libdir=/

## --------- ##
## Platform. ##
## --------- ##

hostname = greg-Laptop
uname -m = x86_64
uname -r = 6.8.0-90-generic
uname -s = Linux
uname -v = #91-Ubuntu SMP PREEMPT_DYNAMIC Tue Nov 18 14:14:30 UTC 2025

/usr/bin/uname -p = x86_64
/bin/uname -X     = unknown

/bin/arch              = x86_64
/usr/bin/arch -k       = unknown
/usr/convex/getsysinfo = unknown
/usr/bin/hostinfo      = unknown
/bin/machine           = unknown
/usr/bin/oslevel       = unknown
/bin/universe          = unknown

PATH: /home/greg/go/bin/
PATH: /usr/lib/ccache/
PATH: /home/greg/.local/bin/
PATH: /home/greg/.cargo/bin/
PATH: /home/greg/.local/bin/
PATH: /home/greg/.config/guix/current/bin/
PATH: /usr/local/sbin/
PATH: /usr/local/bin/
PATH: /usr/sbin/
PATH: /usr/bin/
PATH: /sbin/
PATH: /bin/
PATH: /usr/games/
PATH: /usr/local/games/
PATH: /snap/bin/
PATH: /snap/bin/


## ----------- ##
## Core tests. ##
## ----------- ##

configure:2624: looking for aux files: ltmain.sh compile missing install-sh config.guess config.sub
configure:2637:  trying ../../libsodium/build-aux/
configure:2666:   ../../libsodium/build-aux/ltmain.sh found
configure:2666:   ../../libsodium/build-aux/compile found
configure:2666:   ../../libsodium/build-aux/missing found
configure:2648:   ../../libsodium/build-aux/install-sh found
configure:2666:   ../../libsodium/build-aux/config.guess found
configure:2666:   ../../libsodium/build-aux/config.sub found
configure:2787: checking build system type
configure:2802: result: x86_64-pc-linux-gnu
configure:2822: checking host system type
configure:2836: result: x86_64-pc-linux-gnu
configure:2873: checking for a BSD-compatible install
configure:2946: result: /usr/bin/install -c
configure:2957: checking whether build environment is sane
configure:3012: result: yes
configure:3171: checking for a race-free mkdir -p
configure:3215: result: /usr/bin/mkdir -p
configure:3222: checking for gawk
configure:3257: result: no
configure:3222: checking for mawk
configure:3243: found /usr/bin/mawk
configure:3254: result: mawk
configure:3265: checking whether make sets $(MAKE)
configure:3288: result: yes
configure:3318: checking whether make supports nested variables
configure:3336: result: yes
configure:3421: checking whether UID '1000' is supported by ustar format
configure:3424: result: yes
configure:3431: checking whether GID '1000' is supported by ustar format
configure:3434: result: yes
configure:3442: checking how to create a ustar tar archive
configure:3453: tar --version
tar (GNU tar) 1.35
Copyright (C) 2023 Free Software Foundation, Inc.
License GPLv3+: GNU GPL version 3 or later <https://gnu.org/licenses/gpl.html>.
This is free software: you are free to change and redistribute it.
There is NO WARRANTY, to the extent permitted by law.

Written by John Gilmore and Jay Fenlason.
configure:3456: $? = 0
configure:3496: tardir=conftest.dir && eval tar --format=ustar -chf - "$tardir" >conftest.tar
configure:3499: $? = 0
configure:3503: tar -xf - <conftest.tar
configure:3506: $? = 0
configure:3508: cat conftest.dir/file
GrepMe
configure:3511: $? = 0
configure:3525: result: gnutar
configure:3601: checking whether make supports nested variables
configure:3619: result: yes
configure:3631: checking whether to enable maintainer-specific portions of Makefiles
configure:3641: result: no
configure:3767: checking whether make supports the include directive
configure:3782: make -f confmf.GNU && cat confinc.out
make[1]: Entering directory '/home/greg/bitcoin-dev/cleanroom/claudelnsym/cln-lnsymmetry/external/x86_64-linux-gnu/libsodium-build'
make[1]: Leaving directory '/home/greg/bitcoin-dev/cleanroom/claudelnsym/cln-lnsymmetry/external/x86_64-linux-gnu/libsodium-build'
this is the am__doit target
configure:3785: $? = 0
configure:3804: result: yes (GNU style)
configure:3860: checking for gcc
configure:3892: result: cc
configure:4245: checking for C compiler version
configure:4254: cc --version >&5
cc (Ubuntu 13.3.0-6ubuntu2~24.04) 13.3.0
Copyright (C) 2023 Free Software Foundation, Inc.
This is free software; see the source for copying conditions.  There is NO
warranty; not even for MERCHANTABILITY or FITNESS FOR A PARTICULAR PURPOSE.

configure:4265: $? = 0
configure:4254: cc -v >&5
Using built-in specs.
COLLECT_GCC=/usr/bin/cc
COLLECT_LTO_WRAPPER=/usr/libexec/gcc/x86_64-linux-gnu/13/lto-wrapper
OFFLOAD_TARGET_NAMES=nvptx-none:amdgcn-amdhsa
OFFLOAD_TARGET_DEFAULT=1
Target: x86_64-linux-gnu
Configured with: ../src/configure -v --with-pkgversion='Ubuntu 13.3.0-6ubuntu2~24.04' --with-bugurl=file:///usr/share/doc/gcc-13/README.Bugs --enable-languages=c,ada,c++,go,d,fortran,objc,obj-c++,m2 --prefix=/usr --with-gcc-major-version-only --program-suffix=-13 --program-prefix=x86_64-linux-gnu- --enable-shared --enable-linker-build-id --libexecdir=/usr/libexec --without-included-gettext --enable-threads=posix --libdir=/usr/lib --enable-nls --enable-bootstrap --enable-clocale=gnu --enable-libstdcxx-debug --enable-libstdcxx-time=yes --with-default-libstdcxx-abi=new --enable-libstdcxx-backtrace --enable-gnu-unique-object --disable-vtable-verify --enable-plugin --enable-default-pie --with-system-zlib --enable-libphobos-checking=release --with-target-system-zlib=auto --enable-objc-gc=auto --enable-multiarch --disable-werror --enable-cet --with-arch-32=i686 --with-abi=m64 --with-multilib-list=m32,m64,mx32 --enable-multilib --with-tune=generic --enable-offload-targets=nvptx-none=/build/gcc-13-fG75Ri/gcc-13-13.3.0/debian/tmp-nvptx/usr,amdgcn-amdhsa=/build/gcc-13-fG75Ri/gcc-13-13.3.0/debian/tmp-gcn/usr --enable-offload-defaulted --without-cuda-driver --enable-checking=release --build=x86_64-linux-gnu --host=x86_64-linux-gnu --target=x86_64-linux-gnu --with-build-config=bootstrap-lto-lean --enable-link-serialization=2
Thread model: posix
Supported LTO compression algorithms: zlib zstd
gcc version 13.3.0 (Ubuntu 13.3.0-6ubuntu2~24.04) 
... rest of stderr output deleted ...
configure:4265: $? = 0
configure:4254: cc -V >&5
cc: error: unrecognized command-line option '-V'
cc: fatal error: no input files
compilation terminated.
configure:4265: $? = 1
configure:4254: cc -qversion >&5
cc: error: unrecognized command-line option '-qversion'; did you mean '--version'?
cc: fatal error: no input files
compilation terminated.
configure:4265: $? = 1
configure:4254: cc -version >&5
cc: error: unrecognized command-line option '-version'
cc: fatal error: no input files
compilation terminated.
configure:4265: $? = 1
configure:4285: checking whether the C compiler works
configure:4307: cc    conftest.c  >&5
configure:4311: $? = 0
configure:4361: result: yes
configure:4364: checking for C compiler default output file name
configure:4366: result: a.out
configure:4372: checking for suffix of executables
configure:4379: cc -o conftest    conftest.c  >&5
configure:4383: $? = 0
configure:4406: result: 
configure:4428: checking whether we are cross compiling
configure:4436: cc -o conftest    conftest.c  >&5
configure:4440: $? = 0
configure:4447: ./conftest
configure:4451: $? = 0
configure:4466: result: no
configure:4471: checking for suffix of object files
configure:4494: cc -c   conftest.c >&5
configure:4498: $? = 0
configure:4520: result: o
configure:4524: checking whether the compiler supports GNU C
configure:4544: cc -c   conftest.c >&5
configure:4544: $? = 0
configure:4554: result: yes
configure:4565: checking whether cc accepts -g
configure:4586: cc -c -g  conftest.c >&5
configure:4586: $? = 0
configure:4630: result: yes
configure:4650: checking for cc option to enable C11 features
configure:4665: cc  -c -g -O2  conftest.c >&5
configure:4665: $? = 0
configure:4683: result: none needed
configure:4799: checking whether cc understands -c and -o together
configure:4822: cc -c conftest.c -o conftest2.o
configure:4825: $? = 0
configure:4822: cc -c conftest.c -o conftest2.o
configure:4825: $? = 0
configure:4837: result: yes
configure:4856: checking dependency style of cc
configure:4968: result: gcc3
configure:5123: checking for a sed that does not truncate output
configure:5193: result: /usr/bin/sed
configure:5203: checking how to run the C preprocessor
configure:5229: cc -E  conftest.c
configure:5229: $? = 0
configure:5244: cc -E  conftest.c
conftest.c:11:10: fatal error: ac_nonexistent.h: No such file or directory
   11 | #include <ac_nonexistent.h>
      |          ^~~~~~~~~~~~~~~~~~
compilation terminated.
configure:5244: $? = 1
configure: failed program was:
| /* confdefs.h */
| #define PACKAGE_NAME "libsodium"
| #define PACKAGE_TARNAME "libsodium"
| #define PACKAGE_VERSION "1.0.16"
| #define PACKAGE_STRING "libsodium 1.0.16"
| #define PACKAGE_BUGREPORT "https://github.com/jedisct1/libsodium/issues"
| #define PACKAGE_URL "https://github.com/jedisct1/libsodium"
| #define PACKAGE "libsodium"
| #define VERSION "1.0.16"
| /* end confdefs.h.  */
| #include <ac_nonexistent.h>
configure:5271: result: cc -E
configure:5285: cc -E  conftest.c
configure:5285: $? = 0
configure:5300: cc -E  conftest.c
conftest.c:11:10: fatal error: ac_nonexistent.h: No such file or directory
   11 | #include <ac_nonexistent.h>
      |          ^~~~~~~~~~~~~~~~~~
compilation terminated.
configure:5300: $? = 1
configure: failed program was:
| /* confdefs.h */
| #define PACKAGE_NAME "libsodium"
| #define PACKAGE_TARNAME "libsodium"
| #define PACKAGE_VERSION "1.0.16"
| #define PACKAGE_STRING "libsodium 1.0.16"
| #define PACKAGE_BUGREPORT "https://github.com/jedisct1/libsodium/issues"
| #define PACKAGE_URL "https://github.com/jedisct1/libsodium"
| #define PACKAGE "libsodium"
| #define VERSION "1.0.16"
| /* end confdefs.h.  */
| #include <ac_nonexistent.h>
configure:5331: checking for grep that handles long lines and -e
configure:5395: result: /usr/bin/grep
configure:5400: checking for egrep
configure:5468: result: /usr/bin/grep -E
configure:5661: checking whether cc is Clang
configure:5688: result: no
configure:5816: checking whether pthreads work with -pthread
configure:5916: cc -o conftest -g -O2 -pthread   conftest.c   >&5
configure:5916: $? = 0
configure:5926: result: yes
configure:5946: checking for joinable pthread attribute
configure:5965: cc -o conftest -g -O2 -pthread   conftest.c   >&5
configure:5965: $? = 0
configure:5974: result: PTHREAD_CREATE_JOINABLE
configure:5987: checking whether more special flags are required for pthreads
configure:6001: result: no
configure:6010: checking for PTHREAD_PRIO_INHERIT
configure:6027: cc -o conftest -g -O2 -pthread   conftest.c   >&5
configure:6027: $? = 0
configure:6037: result: yes
configure:6861: checking dependency style of cc
configure:6971: result: gcc3
configure:6990: checking for stdio.h
configure:6990: cc -c -g -O2 -pthread  conftest.c >&5
configure:6990: $? = 0
configure:6990: result: yes
configure:6990: checking for stdlib.h
configure:6990: cc -c -g -O2 -pthread  conftest.c >&5
configure:6990: $? = 0
configure:6990: result: yes
configure:6990: checking for string.h
configure:6990: cc -c -g -O2 -pthread  conftest.c >&5
configure:6990: $? = 0
configure:6990: result: yes
configure:6990: checking for inttypes.h
configure:6990: cc -c -g -O2 -pthread  conftest.c >&5
configure:6990: $? = 0
configure:6990: result: yes
configure:6990: checking for stdint.h
configure:6990: cc -c -g -O2 -pthread  conftest.c >&5
configure:6990: $? = 0
configure:6990: result: yes
configure:6990: checking for strings.h
configure:6990: cc -c -g -O2 -pthread  conftest.c >&5
configure:6990: $? = 0
configure:6990: result: yes
configure:6990: checking for sys/stat.h
configure:6990: cc -c -g -O2 -pthread  conftest.c >&5
configure:6990: $? = 0
configure:6990: result: yes
configure:6990: checking for sys/types.h
configure:6990: cc -c -g -O2 -pthread  conftest.c >&5
configure:6990: $? = 0
configure:6990: result: yes
configure:6990: checking for unistd.h
configure:6990: cc -c -g -O2 -pthread  conftest.c >&5
configure:6990: $? = 0
configure:6990: result: yes
configure:6990: checking for wchar.h
configure:6990: cc -c -g -O2 -pthread  conftest.c >&5
configure:6990: $? = 0
configure:6990: result: yes
configure:6990: checking for minix/config.h
configure:6990: cc -c -g -O2 -pthread  conftest.c >&5
conftest.c:51:10: fatal error: minix/config.h: No such file or directory
   51 | #include <minix/config.h>
      |          ^~~~~~~~~~~~~~~~
compilation terminated.
configure:6990: $? = 1
configure: failed program was:
| /* confdefs.h */
| #define PACKAGE_NAME "libsodium"
| #define PACKAGE_TARNAME "libsodium"
| #define PACKAGE_VERSION "1.0.16"
| #define PACKAGE_STRING "libsodium 1.0.16"
| #define PACKAGE_BUGREPORT "https://github.com/jedisct1/libsodium/issues"
| #define PACKAGE_URL "https://github.com/jedisct1/libsodium"
| #define PACKAGE "libsodium"
| #define VERSION "1.0.16"
| #define HAVE_PTHREAD_PRIO_INHERIT 1
| #define HAVE_PTHREAD 1
| #define HAVE_STDIO_H 1
| #define HAVE_STDLIB_H 1
| #define HAVE_STRING_H 1
| #define HAVE_INTTYPES_H 1
| #define HAVE_STDINT_H 1
| #define HAVE_STRINGS_H 1
| #define HAVE_SYS_STAT_H 1
| #define HAVE_SYS_TYPES_H 1
| #define HAVE_UNISTD_H 1
| #define HAVE_WCHAR_H 1
| /* end confdefs.h.  */
| #include <stddef.h>
| #ifdef HAVE_STDIO_H
| # include <stdio.h>
| #endif
| #ifdef HAVE_STDLIB_H
| # include <stdlib.h>
| #endif
| #ifdef HAVE_STRING_H
| # include <string.h>
| #endif
| #ifdef HAVE_INTTYPES_H
| # include <inttypes.h>
| #endif
| #ifdef HAVE_STDINT_H
| # include <stdint.h>
| #endif
| #ifdef HAVE_STRINGS_H
| # include <strings.h>
| #endif
| #ifdef HAVE_SYS_TYPES_H
| # include <sys/types.h>
| #endif
| #ifdef HAVE_SYS_STAT_H
| # include <sys/stat.h>
| #endif
| #ifdef HAVE_UNISTD_H
| # include <unistd.h>
| #endif
| #include <minix/config.h>
configure:6990: result: no
configure:7021: checking whether it is safe to define __EXTENSIONS__
configure:7040: cc -c -g -O2 -pthread  conftest.c >&5
configure:7040: $? = 0
configure:7048: result: yes
configure:7051: checking whether _XOPEN_SOURCE should be defined
configure:7073: cc -c -g -O2 -pthread  conftest.c >&5
configure:7073: $? = 0
configure:7100: result: no
configure:7157: checking for variable-length arrays
configure:7215: cc -c -g -O2 -pthread  conftest.c >&5
configure:7215: $? = 0
configure:7226: result: yes
configure:7240: checking for __native_client__ defined
configure:7263: cc -c -g -O2 -pthread  conftest.c >&5
conftest.c: In function 'main':
conftest.c:49:3: error: unknown type name 'choke'
   49 |   choke me
      |   ^~~~~
configure:7263: $? = 1
configure: failed program was:
| /* confdefs.h */
| #define PACKAGE_NAME "libsodium"
| #define PACKAGE_TARNAME "libsodium"
| #define PACKAGE_VERSION "1.0.16"
| #define PACKAGE_STRING "libsodium 1.0.16"
| #define PACKAGE_BUGREPORT "https://github.com/jedisct1/libsodium/issues"
| #define PACKAGE_URL "https://github.com/jedisct1/libsodium"
| #define PACKAGE "libsodium"
| #define VERSION "1.0.16"
| #define HAVE_PTHREAD_PRIO_INHERIT 1
| #define HAVE_PTHREAD 1
| #define HAVE_STDIO_H 1
| #define HAVE_STDLIB_H 1
| #define HAVE_STRING_H 1
| #define HAVE_INTTYPES_H 1
| #define HAVE_STDINT_H 1
| #define HAVE_STRINGS_H 1
| #define HAVE_SYS_STAT_H 1
| #define HAVE_SYS_TYPES_H 1
| #define HAVE_UNISTD_H 1
| #define HAVE_WCHAR_H 1
| #define STDC_HEADERS 1
| #define _ALL_SOURCE 1
| #define _DARWIN_C_SOURCE 1
| #define _GNU_SOURCE 1
| #define _HPUX_ALT_XOPEN_SOCKET_API 1
| #define _NETBSD_SOURCE 1
| #define _OPENBSD_SOURCE 1
| #define _POSIX_PTHREAD_SEMANTICS 1
| #define __STDC_WANT_IEC_60559_ATTRIBS_EXT__ 1
| #define __STDC_WANT_IEC_60559_BFP_EXT__ 1
| #define __STDC_WANT_IEC_60559_DFP_EXT__ 1
| #define __STDC_WANT_IEC_60559_FUNCS_EXT__ 1
| #define __STDC_WANT_IEC_60559_TYPES_EXT__ 1
| #define __STDC_WANT_LIB_EXT2__ 1
| #define __STDC_WANT_MATH_SPEC_FUNCS__ 1
| #define _TANDEM_SOURCE 1
| #define __EXTENSIONS__ 1
| #define HAVE_C_VARARRAYS 1
| /* end confdefs.h.  */
| 
| int
| main (void)
| {
| 
|   #ifdef __native_client__
|   int ok;
|   #else
|   choke me
|   #endif
| 
|   ;
|   return 0;
| }
configure:7271: result: no
configure:7279: checking for _FORTIFY_SOURCE defined
configure:7302: cc -c -g -O2 -pthread  conftest.c >&5
configure:7302: $? = 0
configure:7310: result: yes
configure:7359: checking whether C compiler accepts -fvisibility=hidden
configure:7379: cc -o conftest -g -O2 -pthread  -fvisibility=hidden   conftest.c   >&5
configure:7379: $? = 0
configure:7389: result: yes
configure:7404: checking whether C compiler accepts -fPIC
configure:7424: cc -o conftest -g -O2 -pthread -fvisibility=hidden  -fPIC   conftest.c   >&5
configure:7424: $? = 0
configure:7434: result: yes
configure:7449: checking whether C compiler accepts -fPIE
configure:7469: cc -o conftest -g -O2 -pthread -fvisibility=hidden -fPIC  -fPIE   conftest.c   >&5
configure:7469: $? = 0
configure:7479: result: yes
configure:7484: checking whether the linker accepts -pie
configure:7504: cc -o conftest -g -O2 -pthread -fvisibility=hidden -fPIC    -pie conftest.c   >&5
configure:7504: $? = 0
configure:7514: result: yes
configure:7534: checking whether C compiler accepts -fno-strict-aliasing
configure:7554: cc -o conftest -g -O2 -pthread -fvisibility=hidden -fPIC -fPIE  -fno-strict-aliasing   -pie conftest.c   >&5
configure:7554: $? = 0
configure:7564: result: yes
configure:7573: checking whether C compiler accepts -fno-strict-overflow
configure:7593: cc -o conftest -g -O2 -pthread -fvisibility=hidden -fPIC -fPIE -fno-strict-aliasing  -fno-strict-overflow   -pie conftest.c   >&5
configure:7593: $? = 0
configure:7603: result: yes
configure:7668: cc -c -g -O2 -pthread -fvisibility=hidden -fPIC -fPIE -fno-strict-aliasing -fno-strict-overflow  conftest.c >&5
configure:7668: $? = 0
configure:7923: checking whether C compiler accepts -fstack-protector
configure:7943: cc -o conftest -g -O2 -pthread -fvisibility=hidden -fPIC -fPIE -fno-strict-aliasing -fno-strict-overflow  -fstack-protector   -pie conftest.c   >&5
configure:7943: $? = 0
configure:7953: result: yes
configure:7958: checking whether the linker accepts -fstack-protector
configure:7978: cc -o conftest -g -O2 -pthread -fvisibility=hidden -fPIC -fPIE -fno-strict-aliasing -fno-strict-overflow   -pie  -fstack-protector conftest.c   >&5
configure:7978: $? = 0
configure:7988: result: yes
configure:8013: checking whether C compiler accepts -g -O2 -pthread -fvisibility=hidden -fPIC -fPIE -fno-strict-aliasing -fno-strict-overflow -fstack-protector -Wall
configure:8033: cc -o conftest -g -O2 -pthread -fvisibility=hidden -fPIC -fPIE -fno-strict-aliasing -fno-strict-overflow -fstack-protector  -g -O2 -pthread -fvisibility=hidden -fPIC -fPIE -fno-strict-aliasing -fno-strict-overflow -fstack-protector -Wall   -pie conftest.c   >&5
configure:8033: $? = 0
configure:8044: result: yes
configure:8054: checking whether C compiler accepts -g -O2 -pthread -fvisibility=hidden -fPIC -fPIE -fno-strict-aliasing -fno-strict-overflow -fstack-protector -Wextra
configure:8074: cc -o conftest -g -O2 -pthread -fvisibility=hidden -fPIC -fPIE -fno-strict-aliasing -fno-strict-overflow -fstack-protector  -g -O2 -pthread -fvisibility=hidden -fPIC -fPIE -fno-strict-aliasing -fno-strict-overflow -fstack-protector -Wextra   -pie conftest.c   >&5
configure:8074: $? = 0
configure:8085: result: yes
configure:8095: checking for clang
configure:8112: cc -c -g -O2 -pthread -fvisibility=hidden -fPIC -fPIE -fno-strict-aliasing -fno-strict-overflow -fstack-protector  conftest.c >&5
conftest.c: In function 'main':
conftest.c:47:2: error: #error Not clang
   47 | #error Not clang
      |  ^~~~~
configure:8112: $? = 1
configure: failed program was:
| /* confdefs.h */
| #define PACKAGE_NAME "libsodium"
| #define PACKAGE_TARNAME "libsodium"
| #define PACKAGE_VERSION "1.0.16"
| #define PACKAGE_STRING "libsodium 1.0.16"
| #define PACKAGE_BUGREPORT "https://github.com/jedisct1/libsodium/issues"
| #define PACKAGE_URL "https://github.com/jedisct1/libsodium"
| #define PACKAGE "libsodium"
| #define VERSION "1.0.16"
| #define HAVE_PTHREAD_PRIO_INHERIT 1
| #define HAVE_PTHREAD 1
| #define HAVE_STDIO_H 1
| #define HAVE_STDLIB_H 1
| #define HAVE_STRING_H 1
| #define HAVE_INTTYPES_H 1
| #define HAVE_STDINT_H 1
| #define HAVE_STRINGS_H 1
| #define HAVE_SYS_STAT_H 1
| #define HAVE_SYS_TYPES_H 1
| #define HAVE_UNISTD_H 1
| #define HAVE_WCHAR_H 1
| #define STDC_HEADERS 1
| #define _ALL_SOURCE 1
| #define _DARWIN_C_SOURCE 1
| #define _GNU_SOURCE 1
| #define _HPUX_ALT_XOPEN_SOCKET_API 1
| #define _NETBSD_SOURCE 1
| #define _OPENBSD_SOURCE 1
| #define _POSIX_PTHREAD_SEMANTICS 1
| #define __STDC_WANT_IEC_60559_ATTRIBS_EXT__ 1
| #define __STDC_WANT_IEC_60559_BFP_EXT__ 1
| #define __STDC_WANT_IEC_60559_DFP_EXT__ 1
| #define __STDC_WANT_IEC_60559_FUNCS_EXT__ 1
| #define __STDC_WANT_IEC_60559_TYPES_EXT__ 1
| #define __STDC_WANT_LIB_EXT2__ 1
| #define __STDC_WANT_MATH_SPEC_FUNCS__ 1
| #define _TANDEM_SOURCE 1
| #define __EXTENSIONS__ 1
| #define HAVE_C_VARARRAYS 1
| /* end confdefs.h.  */
| 
| int
| main (void)
| {
| 
| #ifndef __clang__
| #error Not clang
| #endif
| 
|   ;
|   return 0;
| }
configure:8159: result: no
configure:8166: checking whether C compiler accepts -g -O2 -pthread -fvisibility=hidden -fPIC -fPIE -fno-strict-aliasing -fno-strict-overflow -fstack-protector -Wextra -Wbad-function-cast
configure:8186: cc -o conftest -g -O2 -pthread -fvisibility=hidden -fPIC -fPIE -fno-strict-aliasing -fno-strict-overflow -fstack-protector  -g -O2 -pthread -fvisibility=hidden -fPIC -fPIE -fno-strict-aliasing -fno-strict-overflow -fstack-protector -Wextra -Wbad-function-cast   -pie conftest.c   >&5
configure:8186: $? = 0
configure:8197: result: yes
configure:8207: checking whether C compiler accepts -g -O2 -pthread -fvisibility=hidden -fPIC -fPIE -fno-strict-aliasing -fno-strict-overflow -fstack-protector -Wextra -Wbad-function-cast -Wcast-qual
configure:8227: cc -o conftest -g -O2 -pthread -fvisibility=hidden -fPIC -fPIE -fno-strict-aliasing -fno-strict-overflow -fstack-protector  -g -O2 -pthread -fvisibility=hidden -fPIC -fPIE -fno-strict-aliasing -fno-strict-overflow -fstack-protector -Wextra -Wbad-function-cast -Wcast-qual   -pie conftest.c   >&5
configure:8227: $? = 0
configure:8238: result: yes
configure:8248: checking whether C compiler accepts -g -O2 -pthread -fvisibility=hidden -fPIC -fPIE -fno-strict-aliasing -fno-strict-overflow -fstack-protector -Wextra -Wbad-function-cast -Wcast-qual -Wdiv-by-zero
configure:8268: cc -o conftest -g -O2 -pthread -fvisibility=hidden -fPIC -fPIE -fno-strict-aliasing -fno-strict-overflow -fstack-protector  -g -O2 -pthread -fvisibility=hidden -fPIC -fPIE -fno-strict-aliasing -fno-strict-overflow -fstack-protector -Wextra -Wbad-function-cast -Wcast-qual -Wdiv-by-zero   -pie conftest.c   >&5
configure:8268: $? = 0
configure:8279: result: yes
configure:8289: checking whether C compiler accepts -g -O2 -pthread -fvisibility=hidden -fPIC -fPIE -fno-strict-aliasing -fno-strict-overflow -fstack-protector -Wextra -Wbad-function-cast -Wcast-qual -Wdiv-by-zero -Wduplicated-branches
configure:8309: cc -o conftest -g -O2 -pthread -fvisibility=hidden -fPIC -fPIE -fno-strict-aliasing -fno-strict-overflow -fstack-protector  -g -O2 -pthread -fvisibility=hidden -fPIC -fPIE -fno-strict-aliasing -fno-strict-overflow -fstack-protector -Wextra -Wbad-function-cast -Wcast-qual -Wdiv-by-zero -Wduplicated-branches   -pie conftest.c   >&5
configure:8309: $? = 0
configure:8320: result: yes
configure:8330: checking whether C compiler accepts -g -O2 -pthread -fvisibility=hidden -fPIC -fPIE -fno-strict-aliasing -fno-strict-overflow -fstack-protector -Wextra -Wbad-function-cast -Wcast-qual -Wdiv-by-zero -Wduplicated-branches -Wduplicated-cond
configure:8350: cc -o conftest -g -O2 -pthread -fvisibility=hidden -fPIC -fPIE -fno-strict-aliasing -fno-strict-overflow -fstack-protector  -g -O2 -pthread -fvisibility=hidden -fPIC -fPIE -fno-strict-aliasing -fno-strict-overflow -fstack-protector -Wextra -Wbad-function-cast -Wcast-qual -Wdiv-by-zero -Wduplicated-branches -Wduplicated-cond   -pie conftest.c   >&5
configure:8350: $? = 0
configure:8361: result: yes
configure:8371: checking whether C compiler accepts -g -O2 -pthread -fvisibility=hidden -fPIC -fPIE -fno-strict-aliasing -fno-strict-overflow -fstack-protector -Wextra -Wbad-function-cast -Wcast-qual -Wdiv-by-zero -Wduplicated-branches -Wduplicated-cond -Wfloat-equal
configure:8391: cc -o conftest -g -O2 -pthread -fvisibility=hidden -fPIC -fPIE -fno-strict-aliasing -fno-strict-overflow -fstack-protector  -g -O2 -pthread -fvisibility=hidden -fPIC -fPIE -fno-strict-aliasing -fno-strict-overflow -fstack-protector -Wextra -Wbad-function-cast -Wcast-qual -Wdiv-by-zero -Wduplicated-branches -Wduplicated-cond -Wfloat-equal   -pie conftest.c   >&5
configure:8391: $? = 0
configure:8402: result: yes
configure:8412: checking whether C compiler accepts -g -O2 -pthread -fvisibility=hidden -fPIC -fPIE -fno-strict-aliasing -fno-strict-overflow -fstack-protector -Wextra -Wbad-function-cast -Wcast-qual -Wdiv-by-zero -Wduplicated-branches -Wduplicated-cond -Wfloat-equal -Wformat=2
configure:8432: cc -o conftest -g -O2 -pthread -fvisibility=hidden -fPIC -fPIE -fno-strict-aliasing -fno-strict-overflow -fstack-protector  -g -O2 -pthread -fvisibility=hidden -fPIC -fPIE -fno-strict-aliasing -fno-strict-overflow -fstack-protector -Wextra -Wbad-function-cast -Wcast-qual -Wdiv-by-zero -Wduplicated-branches -Wduplicated-cond -Wfloat-equal -Wformat=2   -pie conftest.c   >&5
configure:8432: $? = 0
configure:8443: result: yes
configure:8453: checking whether C compiler accepts -g -O2 -pthread -fvisibility=hidden -fPIC -fPIE -fno-strict-aliasing -fno-strict-overflow -fstack-protector -Wextra -Wbad-function-cast -Wcast-qual -Wdiv-by-zero -Wduplicated-branches -Wduplicated-cond -Wfloat-equal -Wformat=2 -Wlogical-op
configure:8473: cc -o conftest -g -O2 -pthread -fvisibility=hidden -fPIC -fPIE -fno-strict-aliasing -fno-strict-overflow -fstack-protector  -g -O2 -pthread -fvisibility=hidden -fPIC -fPIE -fno-strict-aliasing -fno-strict-overflow -fstack-protector -Wextra -Wbad-function-cast -Wcast-qual -Wdiv-by-zero -Wduplicated-branches -Wduplicated-cond -Wfloat-equal -Wformat=2 -Wlogical-op   -pie conftest.c   >&5
configure:8473: $? = 0
configure:8484: result: yes
configure:8494: checking whether C compiler accepts -g -O2 -pthread -fvisibility=hidden -fPIC -fPIE -fno-strict-aliasing -fno-strict-overflow -fstack-protector -Wextra -Wbad-function-cast -Wcast-qual -Wdiv-by-zero -Wduplicated-branches -Wduplicated-cond -Wfloat-equal -Wformat=2 -Wlogical-op -Wmaybe-uninitialized
configure:8514: cc -o conftest -g -O2 -pthread -fvisibility=hidden -fPIC -fPIE -fno-strict-aliasing -fno-strict-overflow -fstack-protector  -g -O2 -pthread -fvisibility=hidden -fPIC -fPIE -fno-strict-aliasing -fno-strict-overflow -fstack-protector -Wextra -Wbad-function-cast -Wcast-qual -Wdiv-by-zero -Wduplicated-branches -Wduplicated-cond -Wfloat-equal -Wformat=2 -Wlogical-op -Wmaybe-uninitialized   -pie conftest.c   >&5
configure:8514: $? = 0
configure:8525: result: yes
configure:8535: checking whether C compiler accepts -g -O2 -pthread -fvisibility=hidden -fPIC -fPIE -fno-strict-aliasing -fno-strict-overflow -fstack-protector -Wextra -Wbad-function-cast -Wcast-qual -Wdiv-by-zero -Wduplicated-branches -Wduplicated-cond -Wfloat-equal -Wformat=2 -Wlogical-op -Wmaybe-uninitialized -Wmisleading-indentation
configure:8555: cc -o conftest -g -O2 -pthread -fvisibility=hidden -fPIC -fPIE -fno-strict-aliasing -fno-strict-overflow -fstack-protector  -g -O2 -pthread -fvisibility=hidden -fPIC -fPIE -fno-strict-aliasing -fno-strict-overflow -fstack-protector -Wextra -Wbad-function-cast -Wcast-qual -Wdiv-by-zero -Wduplicated-branches -Wduplicated-cond -Wfloat-equal -Wformat=2 -Wlogical-op -Wmaybe-uninitialized -Wmisleading-indentation   -pie conftest.c   >&5
configure:8555: $? = 0
configure:8566: result: yes
configure:8576: checking whether C compiler accepts -g -O2 -pthread -fvisibility=hidden -fPIC -fPIE -fno-strict-aliasing -fno-strict-overflow -fstack-protector -Wextra -Wbad-function-cast -Wcast-qual -Wdiv-by-zero -Wduplicated-branches -Wduplicated-cond -Wfloat-equal -Wformat=2 -Wlogical-op -Wmaybe-uninitialized -Wmisleading-indentation -Wmissing-declarations
configure:8596: cc -o conftest -g -O2 -pthread -fvisibility=hidden -fPIC -fPIE -fno-strict-aliasing -fno-strict-overflow -fstack-protector  -g -O2 -pthread -fvisibility=hidden -fPIC -fPIE -fno-strict-aliasing -fno-strict-overflow -fstack-protector -Wextra -Wbad-function-cast -Wcast-qual -Wdiv-by-zero -Wduplicated-branches -Wduplicated-cond -Wfloat-equal -Wformat=2 -Wlogical-op -Wmaybe-uninitialized -Wmisleading-indentation -Wmissing-declarations   -pie conftest.c   >&5
configure:8596: $? = 0
configure:8607: result: yes
configure:8617: checking whether C compiler accepts -g -O2 -pthread -fvisibility=hidden -fPIC -fPIE -fno-strict-aliasing -fno-strict-overflow -fstack-protector -Wextra -Wbad-function-cast -Wcast-qual -Wdiv-by-zero -Wduplicated-branches -Wduplicated-cond -Wfloat-equal -Wformat=2 -Wlogical-op -Wmaybe-uninitialized -Wmisleading-indentation -Wmissing-declarations -Wmissing-prototypes
configure:8637: cc -o conftest -g -O2 -pthread -fvisibility=hidden -fPIC -fPIE -fno-strict-aliasing -fno-strict-overflow -fstack-protector  -g -O2 -pthread -fvisibility=hidden -fPIC -fPIE -fno-strict-aliasing -fno-strict-overflow -fstack-protector -Wextra -Wbad-function-cast -Wcast-qual -Wdiv-by-zero -Wduplicated-branches -Wduplicated-cond -Wfloat-equal -Wformat=2 -Wlogical-op -Wmaybe-uninitialized -Wmisleading-indentation -Wmissing-declarations -Wmissing-prototypes   -pie conftest.c   >&5
configure:8637: $? = 0
configure:8648: result: yes
configure:8658: checking whether C compiler accepts -g -O2 -pthread -fvisibility=hidden -fPIC -fPIE -fno-strict-aliasing -fno-strict-overflow -fstack-protector -Wextra -Wbad-function-cast -Wcast-qual -Wdiv-by-zero -Wduplicated-branches -Wduplicated-cond -Wfloat-equal -Wformat=2 -Wlogical-op -Wmaybe-uninitialized -Wmisleading-indentation -Wmissing-declarations -Wmissing-prototypes -Wnested-externs
configure:8678: cc -o conftest -g -O2 -pthread -fvisibility=hidden -fPIC -fPIE -fno-strict-aliasing -fno-strict-overflow -fstack-protector  -g -O2 -pthread -fvisibility=hidden -fPIC -fPIE -fno-strict-aliasing -fno-strict-overflow -fstack-protector -Wextra -Wbad-function-cast -Wcast-qual -Wdiv-by-zero -Wduplicated-branches -Wduplicated-cond -Wfloat-equal -Wformat=2 -Wlogical-op -Wmaybe-uninitialized -Wmisleading-indentation -Wmissing-declarations -Wmissing-prototypes -Wnested-externs   -pie conftest.c   >&5
configure:8678: $? = 0
configure:8689: result: yes
configure:8699: checking whether C compiler accepts -g -O2 -pthread -fvisibility=hidden -fPIC -fPIE -fno-strict-aliasing -fno-strict-overflow -fstack-protector -Wextra -Wbad-function-cast -Wcast-qual -Wdiv-by-zero -Wduplicated-branches -Wduplicated-cond -Wfloat-equal -Wformat=2 -Wlogical-op -Wmaybe-uninitialized -Wmisleading-indentation -Wmissing-declarations -Wmissing-prototypes -Wnested-externs -Wno-type-limits
configure:8719: cc -o conftest -g -O2 -pthread -fvisibility=hidden -fPIC -fPIE -fno-strict-aliasing -fno-strict-overflow -fstack-protector  -g -O2 -pthread -fvisibility=hidden -fPIC -fPIE -fno-strict-aliasing -fno-strict-overflow -fstack-protector -Wextra -Wbad-function-cast -Wcast-qual -Wdiv-by-zero -Wduplicated-branches -Wduplicated-cond -Wfloat-equal -Wformat=2 -Wlogical-op -Wmaybe-uninitialized -Wmisleading-indentation -Wmissing-declarations -Wmissing-prototypes -Wnested-externs -Wno-type-limits   -pie conftest.c   >&5
configure:8719: $? = 0
configure:8730: result: yes
configure:8740: checking whether C compiler accepts -g -O2 -pthread -fvisibility=hidden -fPIC -fPIE -fno-strict-aliasing -fno-strict-overflow -fstack-protector -Wextra -Wbad-function-cast -Wcast-qual -Wdiv-by-zero -Wduplicated-branches -Wduplicated-cond -Wfloat-equal -Wformat=2 -Wlogical-op -Wmaybe-uninitialized -Wmisleading-indentation -Wmissing-declarations -Wmissing-prototypes -Wnested-externs -Wno-type-limits -Wno-unknown-pragmas
configure:8760: cc -o conftest -g -O2 -pthread -fvisibility=hidden -fPIC -fPIE -fno-strict-aliasing -fno-strict-overflow -fstack-protector  -g -O2 -pthread -fvisibility=hidden -fPIC -fPIE -fno-strict-aliasing -fno-strict-overflow -fstack-protector -Wextra -Wbad-function-cast -Wcast-qual -Wdiv-by-zero -Wduplicated-branches -Wduplicated-cond -Wfloat-equal -Wformat=2 -Wlogical-op -Wmaybe-uninitialized -Wmisleading-indentation -Wmissing-declarations -Wmissing-prototypes -Wnested-externs -Wno-type-limits -Wno-unknown-pragmas   -pie conftest.c   >&5
configure:8760: $? = 0
configure:8771: result: yes
configure:8781: checking whether C compiler accepts -g -O2 -pthread -fvisibility=hidden -fPIC -fPIE -fno-strict-aliasing -fno-strict-overflow -fstack-protector -Wextra -Wbad-function-cast -Wcast-qual -Wdiv-by-zero -Wduplicated-branches -Wduplicated-cond -Wfloat-equal -Wformat=2 -Wlogical-op -Wmaybe-uninitialized -Wmisleading-indentation -Wmissing-declarations -Wmissing-prototypes -Wnested-externs -Wno-type-limits -Wno-unknown-pragmas -Wnormalized=id
configure:8801: cc -o conftest -g -O2 -pthread -fvisibility=hidden -fPIC -fPIE -fno-strict-aliasing -fno-strict-overflow -fstack-protector  -g -O2 -pthread -fvisibility=hidden -fPIC -fPIE -fno-strict-aliasing -fno-strict-overflow -fstack-protector -Wextra -Wbad-function-cast -Wcast-qual -Wdiv-by-zero -Wduplicated-branches -Wduplicated-cond -Wfloat-equal -Wformat=2 -Wlogical-op -Wmaybe-uninitialized -Wmisleading-indentation -Wmissing-declarations -Wmissing-prototypes -Wnested-externs -Wno-type-limits -Wno-unknown-pragmas -Wnormalized=id   -pie conftest.c   >&5
configure:8801: $? = 0
configure:8812: result: yes
configure:8822: checking whether C compiler accepts -g -O2 -pthread -fvisibility=hidden -fPIC -fPIE -fno-strict-aliasing -fno-strict-overflow -fstack-protector -Wextra -Wbad-function-cast -Wcast-qual -Wdiv-by-zero -Wduplicated-branches -Wduplicated-cond -Wfloat-equal -Wformat=2 -Wlogical-op -Wmaybe-uninitialized -Wmisleading-indentation -Wmissing-declarations -Wmissing-prototypes -Wnested-externs -Wno-type-limits -Wno-unknown-pragmas -Wnormalized=id -Wnull-dereference
configure:8842: cc -o conftest -g -O2 -pthread -fvisibility=hidden -fPIC -fPIE -fno-strict-aliasing -fno-strict-overflow -fstack-protector  -g -O2 -pthread -fvisibility=hidden -fPIC -fPIE -fno-strict-aliasing -fno-strict-overflow -fstack-protector -Wextra -Wbad-function-cast -Wcast-qual -Wdiv-by-zero -Wduplicated-branches -Wduplicated-cond -Wfloat-equal -Wformat=2 -Wlogical-op -Wmaybe-uninitialized -Wmisleading-indentation -Wmissing-declarations -Wmissing-prototypes -Wnested-externs -Wno-type-limits -Wno-unknown-pragmas -Wnormalized=id -Wnull-dereference   -pie conftest.c   >&5
configure:8842: $? = 0
configure:8853: result: yes
configure:8863: checking whether C compiler accepts -g -O2 -pthread -fvisibility=hidden -fPIC -fPIE -fno-strict-aliasing -fno-strict-overflow -fstack-protector -Wextra -Wbad-function-cast -Wcast-qual -Wdiv-by-zero -Wduplicated-branches -Wduplicated-cond -Wfloat-equal -Wformat=2 -Wlogical-op -Wmaybe-uninitialized -Wmisleading-indentation -Wmissing-declarations -Wmissing-prototypes -Wnested-externs -Wno-type-limits -Wno-unknown-pragmas -Wnormalized=id -Wnull-dereference -Wold-style-declaration
configure:8883: cc -o conftest -g -O2 -pthread -fvisibility=hidden -fPIC -fPIE -fno-strict-aliasing -fno-strict-overflow -fstack-protector  -g -O2 -pthread -fvisibility=hidden -fPIC -fPIE -fno-strict-aliasing -fno-strict-overflow -fstack-protector -Wextra -Wbad-function-cast -Wcast-qual -Wdiv-by-zero -Wduplicated-branches -Wduplicated-cond -Wfloat-equal -Wformat=2 -Wlogical-op -Wmaybe-uninitialized -Wmisleading-indentation -Wmissing-declarations -Wmissing-prototypes -Wnested-externs -Wno-type-limits -Wno-unknown-pragmas -Wnormalized=id -Wnull-dereference -Wold-style-declaration   -pie conftest.c   >&5
configure:8883: $? = 0
configure:8894: result: yes
configure:8904: checking whether C compiler accepts -g -O2 -pthread -fvisibility=hidden -fPIC -fPIE -fno-strict-aliasing -fno-strict-overflow -fstack-protector -Wextra -Wbad-function-cast -Wcast-qual -Wdiv-by-zero -Wduplicated-branches -Wduplicated-cond -Wfloat-equal -Wformat=2 -Wlogical-op -Wmaybe-uninitialized -Wmisleading-indentation -Wmissing-declarations -Wmissing-prototypes -Wnested-externs -Wno-type-limits -Wno-unknown-pragmas -Wnormalized=id -Wnull-dereference -Wold-style-declaration -Wpointer-arith
configure:8924: cc -o conftest -g -O2 -pthread -fvisibility=hidden -fPIC -fPIE -fno-strict-aliasing -fno-strict-overflow -fstack-protector  -g -O2 -pthread -fvisibility=hidden -fPIC -fPIE -fno-strict-aliasing -fno-strict-overflow -fstack-protector -Wextra -Wbad-function-cast -Wcast-qual -Wdiv-by-zero -Wduplicated-branches -Wduplicated-cond -Wfloat-equal -Wformat=2 -Wlogical-op -Wmaybe-uninitialized -Wmisleading-indentation -Wmissing-declarations -Wmissing-prototypes -Wnested-externs -Wno-type-limits -Wno-unknown-pragmas -Wnormalized=id -Wnull-dereference -Wold-style-declaration -Wpointer-arith   -pie conftest.c   >&5
configure:8924: $? = 0
configure:8935: result: yes
configure:8945: checking whether C compiler accepts -g -O2 -pthread -fvisibility=hidden -fPIC -fPIE -fno-strict-aliasing -fno-strict-overflow -fstack-protector -Wextra -Wbad-function-cast -Wcast-qual -Wdiv-by-zero -Wduplicated-branches -Wduplicated-cond -Wfloat-equal -Wformat=2 -Wlogical-op -Wmaybe-uninitialized -Wmisleading-indentation -Wmissing-declarations -Wmissing-prototypes -Wnested-externs -Wno-type-limits -Wno-unknown-pragmas -Wnormalized=id -Wnull-dereference -Wold-style-declaration -Wpointer-arith -Wredundant-decls
configure:8965: cc -o conftest -g -O2 -pthread -fvisibility=hidden -fPIC -fPIE -fno-strict-aliasing -fno-strict-overflow -fstack-protector  -g -O2 -pthread -fvisibility=hidden -fPIC -fPIE -fno-strict-aliasing -fno-strict-overflow -fstack-protector -Wextra -Wbad-function-cast -Wcast-qual -Wdiv-by-zero -Wduplicated-branches -Wduplicated-cond -Wfloat-equal -Wformat=2 -Wlogical-op -Wmaybe-uninitialized -Wmisleading-indentation -Wmissing-declarations -Wmissing-prototypes -Wnested-externs -Wno-type-limits -Wno-unknown-pragmas -Wnormalized=id -Wnull-dereference -Wold-style-declaration -Wpointer-arith -Wredundant-decls   -pie conftest.c   >&5
configure:8965: $? = 0
configure:8976: result: yes
configure:8986: checking whether C compiler accepts -g -O2 -pthread -fvisibility=hidden -fPIC -fPIE -fno-strict-aliasing -fno-strict-overflow -fstack-protector -Wextra -Wbad-function-cast -Wcast-qual -Wdiv-by-zero -Wduplicated-branches -Wduplicated-cond -Wfloat-equal -Wformat=2 -Wlogical-op -Wmaybe-uninitialized -Wmisleading-indentation -Wmissing-declarations -Wmissing-prototypes -Wnested-externs -Wno-type-limits -Wno-unknown-pragmas -Wnormalized=id -Wnull-dereference -Wold-style-declaration -Wpointer-arith -Wredundant-decls -Wrestrict
configure:9006: cc -o conftest -g -O2 -pthread -fvisibility=hidden -fPIC -fPIE -fno-strict-aliasing -fno-strict-overflow -fstack-protector  -g -O2 -pthread -fvisibility=hidden -fPIC -fPIE -fno-strict-aliasing -fno-strict-overflow -fstack-protector -Wextra -Wbad-function-cast -Wcast-qual -Wdiv-by-zero -Wduplicated-branches -Wduplicated-cond -Wfloat-equal -Wformat=2 -Wlogical-op -Wmaybe-uninitialized -Wmisleading-indentation -Wmissing-declarations -Wmissing-prototypes -Wnested-externs -Wno-type-limits -Wno-unknown-pragmas -Wnormalized=id -Wnull-dereference -Wold-style-declaration -Wpointer-arith -Wredundant-decls -Wrestrict   -pie conftest.c   >&5
configure:9006: $? = 0
configure:9017: result: yes
configure:9027: checking whether C compiler accepts -g -O2 -pthread -fvisibility=hidden -fPIC -fPIE -fno-strict-aliasing -fno-strict-overflow -fstack-protector -Wextra -Wbad-function-cast -Wcast-qual -Wdiv-by-zero -Wduplicated-branches -Wduplicated-cond -Wfloat-equal -Wformat=2 -Wlogical-op -Wmaybe-uninitialized -Wmisleading-indentation -Wmissing-declarations -Wmissing-prototypes -Wnested-externs -Wno-type-limits -Wno-unknown-pragmas -Wnormalized=id -Wnull-dereference -Wold-style-declaration -Wpointer-arith -Wredundant-decls -Wrestrict -Wshorten-64-to-32
configure:9047: cc -o conftest -g -O2 -pthread -fvisibility=hidden -fPIC -fPIE -fno-strict-aliasing -fno-strict-overflow -fstack-protector  -g -O2 -pthread -fvisibility=hidden -fPIC -fPIE -fno-strict-aliasing -fno-strict-overflow -fstack-protector -Wextra -Wbad-function-cast -Wcast-qual -Wdiv-by-zero -Wduplicated-branches -Wduplicated-cond -Wfloat-equal -Wformat=2 -Wlogical-op -Wmaybe-uninitialized -Wmisleading-indentation -Wmissing-declarations -Wmissing-prototypes -Wnested-externs -Wno-type-limits -Wno-unknown-pragmas -Wnormalized=id -Wnull-dereference -Wold-style-declaration -Wpointer-arith -Wredundant-decls -Wrestrict -Wshorten-64-to-32   -pie conftest.c   >&5
cc: error: unrecognized command-line option '-Wshorten-64-to-32'
configure:9047: $? = 1
configure: failed program was:
| /* confdefs.h */
| #define PACKAGE_NAME "libsodium"
| #define PACKAGE_TARNAME "libsodium"
| #define PACKAGE_VERSION "1.0.16"
| #define PACKAGE_STRING "libsodium 1.0.16"
| #define PACKAGE_BUGREPORT "https://github.com/jedisct1/libsodium/issues"
| #define PACKAGE_URL "https://github.com/jedisct1/libsodium"
| #define PACKAGE "libsodium"
| #define VERSION "1.0.16"
| #define HAVE_PTHREAD_PRIO_INHERIT 1
| #define HAVE_PTHREAD 1
| #define HAVE_STDIO_H 1
| #define HAVE_STDLIB_H 1
| #define HAVE_STRING_H 1
| #define HAVE_INTTYPES_H 1
| #define HAVE_STDINT_H 1
| #define HAVE_STRINGS_H 1
| #define HAVE_SYS_STAT_H 1
| #define HAVE_SYS_TYPES_H 1
| #define HAVE_UNISTD_H 1
| #define HAVE_WCHAR_H 1
| #define STDC_HEADERS 1
| #define _ALL_SOURCE 1
| #define _DARWIN_C_SOURCE 1
| #define _GNU_SOURCE 1
| #define _HPUX_ALT_XOPEN_SOCKET_API 1
| #define _NETBSD_SOURCE 1
| #define _OPENBSD_SOURCE 1
| #define _POSIX_PTHREAD_SEMANTICS 1
| #define __STDC_WANT_IEC_60559_ATTRIBS_EXT__ 1
| #define __STDC_WANT_IEC_60559_BFP_EXT__ 1
| #define __STDC_WANT_IEC_60559_DFP_EXT__ 1
| #define __STDC_WANT_IEC_60559_FUNCS_EXT__ 1
| #define __STDC_WANT_IEC_60559_TYPES_EXT__ 1
| #define __STDC_WANT_LIB_EXT2__ 1
| #define __STDC_WANT_MATH_SPEC_FUNCS__ 1
| #define _TANDEM_SOURCE 1
| #define __EXTENSIONS__ 1
| #define HAVE_C_VARARRAYS 1
| /* end confdefs.h.  */
| #include <time.h>
| int
| main (void)
| {
| time_t x; int fodder = 0; if (fodder > -1000 && time(&x)) return (int) x
|   ;
|   return 0;
| }
configure:9058: result: no
configure:9068: checking whether C compiler accepts -g -O2 -pthread -fvisibility=hidden -fPIC -fPIE -fno-strict-aliasing -fno-strict-overflow -fstack-protector -Wextra -Wbad-function-cast -Wcast-qual -Wdiv-by-zero -Wduplicated-branches -Wduplicated-cond -Wfloat-equal -Wformat=2 -Wlogical-op -Wmaybe-uninitialized -Wmisleading-indentation -Wmissing-declarations -Wmissing-prototypes -Wnested-externs -Wno-type-limits -Wno-unknown-pragmas -Wnormalized=id -Wnull-dereference -Wold-style-declaration -Wpointer-arith -Wredundant-decls -Wrestrict -Wsometimes-uninitialized
configure:9088: cc -o conftest -g -O2 -pthread -fvisibility=hidden -fPIC -fPIE -fno-strict-aliasing -fno-strict-overflow -fstack-protector  -g -O2 -pthread -fvisibility=hidden -fPIC -fPIE -fno-strict-aliasing -fno-strict-overflow -fstack-protector -Wextra -Wbad-function-cast -Wcast-qual -Wdiv-by-zero -Wduplicated-branches -Wduplicated-cond -Wfloat-equal -Wformat=2 -Wlogical-op -Wmaybe-uninitialized -Wmisleading-indentation -Wmissing-declarations -Wmissing-prototypes -Wnested-externs -Wno-type-limits -Wno-unknown-pragmas -Wnormalized=id -Wnull-dereference -Wold-style-declaration -Wpointer-arith -Wredundant-decls -Wrestrict -Wsometimes-uninitialized   -pie conftest.c   >&5
cc: error: unrecognized command-line option '-Wsometimes-uninitialized'; did you mean '-Wmaybe-uninitialized'?
configure:9088: $? = 1
configure: failed program was:
| /* confdefs.h */
| #define PACKAGE_NAME "libsodium"
| #define PACKAGE_TARNAME "libsodium"
| #define PACKAGE_VERSION "1.0.16"
| #define PACKAGE_STRING "libsodium 1.0.16"
| #define PACKAGE_BUGREPORT "https://github.com/jedisct1/libsodium/issues"
| #define PACKAGE_URL "https://github.com/jedisct1/libsodium"
| #define PACKAGE "libsodium"
| #define VERSION "1.0.16"
| #define HAVE_PTHREAD_PRIO_INHERIT 1
| #define HAVE_PTHREAD 1
| #define HAVE_STDIO_H 1
| #define HAVE_STDLIB_H 1
| #define HAVE_STRING_H 1
| #define HAVE_INTTYPES_H 1
| #define HAVE_STDINT_H 1
| #define HAVE_STRINGS_H 1
| #define HAVE_SYS_STAT_H 1
| #define HAVE_SYS_TYPES_H 1
| #define HAVE_UNISTD_H 1
| #define HAVE_WCHAR_H 1
| #define STDC_HEADERS 1
| #define _ALL_SOURCE 1
| #define _DARWIN_C_SOURCE 1
| #define _GNU_SOURCE 1
| #define _HPUX_ALT_XOPEN_SOCKET_API 1
| #define _NETBSD_SOURCE 1
| #define _OPENBSD_SOURCE 1
| #define _POSIX_PTHREAD_SEMANTICS 1
| #define __STDC_WANT_IEC_60559_ATTRIBS_EXT__ 1
| #define __STDC_WANT_IEC_60559_BFP_EXT__ 1
| #define __STDC_WANT_IEC_60559_DFP_EXT__ 1
| #define __STDC_WANT_IEC_60559_FUNCS_EXT__ 1
| #define __STDC_WANT_IEC_60559_TYPES_EXT__ 1
| #define __STDC_WANT_LIB_EXT2__ 1
| #define __STDC_WANT_MATH_SPEC_FUNCS__ 1
| #define _TANDEM_SOURCE 1
| #define __EXTENSIONS__ 1
| #define HAVE_C_VARARRAYS 1
| /* end confdefs.h.  */
| #include <time.h>
| int
| main (void)
| {
| time_t x; int fodder = 0; if (fodder > -1000 && time(&x)) return (int) x
|   ;
|   return 0;
| }
configure:9099: result: no
configure:9109: checking whether C compiler accepts -g -O2 -pthread -fvisibility=hidden -fPIC -fPIE -fno-strict-aliasing -fno-strict-overflow -fstack-protector -Wextra -Wbad-function-cast -Wcast-qual -Wdiv-by-zero -Wduplicated-branches -Wduplicated-cond -Wfloat-equal -Wformat=2 -Wlogical-op -Wmaybe-uninitialized -Wmisleading-indentation -Wmissing-declarations -Wmissing-prototypes -Wnested-externs -Wno-type-limits -Wno-unknown-pragmas -Wnormalized=id -Wnull-dereference -Wold-style-declaration -Wpointer-arith -Wredundant-decls -Wrestrict -Wstrict-prototypes
configure:9129: cc -o conftest -g -O2 -pthread -fvisibility=hidden -fPIC -fPIE -fno-strict-aliasing -fno-strict-overflow -fstack-protector  -g -O2 -pthread -fvisibility=hidden -fPIC -fPIE -fno-strict-aliasing -fno-strict-overflow -fstack-protector -Wextra -Wbad-function-cast -Wcast-qual -Wdiv-by-zero -Wduplicated-branches -Wduplicated-cond -Wfloat-equal -Wformat=2 -Wlogical-op -Wmaybe-uninitialized -Wmisleading-indentation -Wmissing-declarations -Wmissing-prototypes -Wnested-externs -Wno-type-limits -Wno-unknown-pragmas -Wnormalized=id -Wnull-dereference -Wold-style-declaration -Wpointer-arith -Wredundant-decls -Wrestrict -Wstrict-prototypes   -pie conftest.c   >&5
configure:9129: $? = 0
configure:9140: result: yes
configure:9150: checking whether C compiler accepts -g -O2 -pthread -fvisibility=hidden -fPIC -fPIE -fno-strict-aliasing -fno-strict-overflow -fstack-protector -Wextra -Wbad-function-cast -Wcast-qual -Wdiv-by-zero -Wduplicated-branches -Wduplicated-cond -Wfloat-equal -Wformat=2 -Wlogical-op -Wmaybe-uninitialized -Wmisleading-indentation -Wmissing-declarations -Wmissing-prototypes -Wnested-externs -Wno-type-limits -Wno-unknown-pragmas -Wnormalized=id -Wnull-dereference -Wold-style-declaration -Wpointer-arith -Wredundant-decls -Wrestrict -Wstrict-prototypes -Wswitch-enum
configure:9170: cc -o conftest -g -O2 -pthread -fvisibility=hidden -fPIC -fPIE -fno-strict-aliasing -fno-strict-overflow -fstack-protector  -g -O2 -pthread -fvisibility=hidden -fPIC -fPIE -fno-strict-aliasing -fno-strict-overflow -fstack-protector -Wextra -Wbad-function-cast -Wcast-qual -Wdiv-by-zero -Wduplicated-branches -Wduplicated-cond -Wfloat-equal -Wformat=2 -Wlogical-op -Wmaybe-uninitialized -Wmisleading-indentation -Wmissing-declarations -Wmissing-prototypes -Wnested-externs -Wno-type-limits -Wno-unknown-pragmas -Wnormalized=id -Wnull-dereference -Wold-style-declaration -Wpointer-arith -Wredundant-decls -Wrestrict -Wstrict-prototypes -Wswitch-enum   -pie conftest.c   >&5
configure:9170: $? = 0
configure:9181: result: yes
configure:9191: checking whether C compiler accepts -g -O2 -pthread -fvisibility=hidden -fPIC -fPIE -fno-strict-aliasing -fno-strict-overflow -fstack-protector -Wextra -Wbad-function-cast -Wcast-qual -Wdiv-by-zero -Wduplicated-branches -Wduplicated-cond -Wfloat-equal -Wformat=2 -Wlogical-op -Wmaybe-uninitialized -Wmisleading-indentation -Wmissing-declarations -Wmissing-prototypes -Wnested-externs -Wno-type-limits -Wno-unknown-pragmas -Wnormalized=id -Wnull-dereference -Wold-style-declaration -Wpointer-arith -Wredundant-decls -Wrestrict -Wstrict-prototypes -Wswitch-enum -Wvariable-decl
configure:9211: cc -o conftest -g -O2 -pthread -fvisibility=hidden -fPIC -fPIE -fno-strict-aliasing -fno-strict-overflow -fstack-protector  -g -O2 -pthread -fvisibility=hidden -fPIC -fPIE -fno-strict-aliasing -fno-strict-overflow -fstack-protector -Wextra -Wbad-function-cast -Wcast-qual -Wdiv-by-zero -Wduplicated-branches -Wduplicated-cond -Wfloat-equal -Wformat=2 -Wlogical-op -Wmaybe-uninitialized -Wmisleading-indentation -Wmissing-declarations -Wmissing-prototypes -Wnested-externs -Wno-type-limits -Wno-unknown-pragmas -Wnormalized=id -Wnull-dereference -Wold-style-declaration -Wpointer-arith -Wredundant-decls -Wrestrict -Wstrict-prototypes -Wswitch-enum -Wvariable-decl   -pie conftest.c   >&5
cc: error: unrecognized command-line option '-Wvariable-decl'
configure:9211: $? = 1
configure: failed program was:
| /* confdefs.h */
| #define PACKAGE_NAME "libsodium"
| #define PACKAGE_TARNAME "libsodium"
| #define PACKAGE_VERSION "1.0.16"
| #define PACKAGE_STRING "libsodium 1.0.16"
| #define PACKAGE_BUGREPORT "https://github.com/jedisct1/libsodium/issues"
| #define PACKAGE_URL "https://github.com/jedisct1/libsodium"
| #define PACKAGE "libsodium"
| #define VERSION "1.0.16"
| #define HAVE_PTHREAD_PRIO_INHERIT 1
| #define HAVE_PTHREAD 1
| #define HAVE_STDIO_H 1
| #define HAVE_STDLIB_H 1
| #define HAVE_STRING_H 1
| #define HAVE_INTTYPES_H 1
| #define HAVE_STDINT_H 1
| #define HAVE_STRINGS_H 1
| #define HAVE_SYS_STAT_H 1
| #define HAVE_SYS_TYPES_H 1
| #define HAVE_UNISTD_H 1
| #define HAVE_WCHAR_H 1
| #define STDC_HEADERS 1
| #define _ALL_SOURCE 1
| #define _DARWIN_C_SOURCE 1
| #define _GNU_SOURCE 1
| #define _HPUX_ALT_XOPEN_SOCKET_API 1
| #define _NETBSD_SOURCE 1
| #define _OPENBSD_SOURCE 1
| #define _POSIX_PTHREAD_SEMANTICS 1
| #define __STDC_WANT_IEC_60559_ATTRIBS_EXT__ 1
| #define __STDC_WANT_IEC_60559_BFP_EXT__ 1
| #define __STDC_WANT_IEC_60559_DFP_EXT__ 1
| #define __STDC_WANT_IEC_60559_FUNCS_EXT__ 1
| #define __STDC_WANT_IEC_60559_TYPES_EXT__ 1
| #define __STDC_WANT_LIB_EXT2__ 1
| #define __STDC_WANT_MATH_SPEC_FUNCS__ 1
| #define _TANDEM_SOURCE 1
| #define __EXTENSIONS__ 1
| #define HAVE_C_VARARRAYS 1
| /* end confdefs.h.  */
| #include <time.h>
| int
| main (void)
| {
| time_t x; int fodder = 0; if (fodder > -1000 && time(&x)) return (int) x
|   ;
|   return 0;
| }
configure:9222: result: no
configure:9232: checking whether C compiler accepts -g -O2 -pthread -fvisibility=hidden -fPIC -fPIE -fno-strict-aliasing -fno-strict-overflow -fstack-protector -Wextra -Wbad-function-cast -Wcast-qual -Wdiv-by-zero -Wduplicated-branches -Wduplicated-cond -Wfloat-equal -Wformat=2 -Wlogical-op -Wmaybe-uninitialized -Wmisleading-indentation -Wmissing-declarations -Wmissing-prototypes -Wnested-externs -Wno-type-limits -Wno-unknown-pragmas -Wnormalized=id -Wnull-dereference -Wold-style-declaration -Wpointer-arith -Wredundant-decls -Wrestrict -Wstrict-prototypes -Wswitch-enum -Wwrite-strings
configure:9252: cc -o conftest -g -O2 -pthread -fvisibility=hidden -fPIC -fPIE -fno-strict-aliasing -fno-strict-overflow -fstack-protector  -g -O2 -pthread -fvisibility=hidden -fPIC -fPIE -fno-strict-aliasing -fno-strict-overflow -fstack-protector -Wextra -Wbad-function-cast -Wcast-qual -Wdiv-by-zero -Wduplicated-branches -Wduplicated-cond -Wfloat-equal -Wformat=2 -Wlogical-op -Wmaybe-uninitialized -Wmisleading-indentation -Wmissing-declarations -Wmissing-prototypes -Wnested-externs -Wno-type-limits -Wno-unknown-pragmas -Wnormalized=id -Wnull-dereference -Wold-style-declaration -Wpointer-arith -Wredundant-decls -Wrestrict -Wstrict-prototypes -Wswitch-enum -Wwrite-strings   -pie conftest.c   >&5
configure:9252: $? = 0
configure:9263: result: yes
configure:9273: checking whether the linker accepts -Wl,-z,relro
configure:9293: cc -o conftest -g -O2 -pthread -fvisibility=hidden -fPIC -fPIE -fno-strict-aliasing -fno-strict-overflow -fstack-protector   -pie  -Wl,-z,relro conftest.c   >&5
configure:9293: $? = 0
configure:9303: result: yes
configure:9312: checking whether the linker accepts -Wl,-z,now
configure:9332: cc -o conftest -g -O2 -pthread -fvisibility=hidden -fPIC -fPIE -fno-strict-aliasing -fno-strict-overflow -fstack-protector   -pie -Wl,-z,relro  -Wl,-z,now conftest.c   >&5
configure:9332: $? = 0
configure:9342: result: yes
configure:9351: checking whether the linker accepts -Wl,-z,noexecstack
configure:9371: cc -o conftest -g -O2 -pthread -fvisibility=hidden -fPIC -fPIE -fno-strict-aliasing -fno-strict-overflow -fstack-protector   -pie -Wl,-z,relro -Wl,-z,now  -Wl,-z,noexecstack conftest.c   >&5
configure:9371: $? = 0
configure:9381: result: yes
configure:9391: checking for a broken clang + AVX512 combination
configure:9408: cc -c -g -O2 -pthread -fvisibility=hidden -fPIC -fPIE -fno-strict-aliasing -fno-strict-overflow -fstack-protector  conftest.c >&5
conftest.c: In function 'main':
conftest.c:47:2: error: #error Not a broken clang + AVX512 combination
   47 | #error Not a broken clang + AVX512 combination
      |  ^~~~~
configure:9408: $? = 1
configure: failed program was:
| /* confdefs.h */
| #define PACKAGE_NAME "libsodium"
| #define PACKAGE_TARNAME "libsodium"
| #define PACKAGE_VERSION "1.0.16"
| #define PACKAGE_STRING "libsodium 1.0.16"
| #define PACKAGE_BUGREPORT "https://github.com/jedisct1/libsodium/issues"
| #define PACKAGE_URL "https://github.com/jedisct1/libsodium"
| #define PACKAGE "libsodium"
| #define VERSION "1.0.16"
| #define HAVE_PTHREAD_PRIO_INHERIT 1
| #define HAVE_PTHREAD 1
| #define HAVE_STDIO_H 1
| #define HAVE_STDLIB_H 1
| #define HAVE_STRING_H 1
| #define HAVE_INTTYPES_H 1
| #define HAVE_STDINT_H 1
| #define HAVE_STRINGS_H 1
| #define HAVE_SYS_STAT_H 1
| #define HAVE_SYS_TYPES_H 1
| #define HAVE_UNISTD_H 1
| #define HAVE_WCHAR_H 1
| #define STDC_HEADERS 1
| #define _ALL_SOURCE 1
| #define _DARWIN_C_SOURCE 1
| #define _GNU_SOURCE 1
| #define _HPUX_ALT_XOPEN_SOCKET_API 1
| #define _NETBSD_SOURCE 1
| #define _OPENBSD_SOURCE 1
| #define _POSIX_PTHREAD_SEMANTICS 1
| #define __STDC_WANT_IEC_60559_ATTRIBS_EXT__ 1
| #define __STDC_WANT_IEC_60559_BFP_EXT__ 1
| #define __STDC_WANT_IEC_60559_DFP_EXT__ 1
| #define __STDC_WANT_IEC_60559_FUNCS_EXT__ 1
| #define __STDC_WANT_IEC_60559_TYPES_EXT__ 1
| #define __STDC_WANT_LIB_EXT2__ 1
| #define __STDC_WANT_MATH_SPEC_FUNCS__ 1
| #define _TANDEM_SOURCE 1
| #define __EXTENSIONS__ 1
| #define HAVE_C_VARARRAYS 1
| /* end confdefs.h.  */
| 
| int
| main (void)
| {
| 
| #if !(defined(__AVX512F__) && defined(__clang__) && __clang_major__ < 4)
| #error Not a broken clang + AVX512 combination
| #endif
| 
|   ;
|   return 0;
| }
configure:9455: result: no
configure:9462: checking whether segmentation violations can be caught when using the C compiler
configure:9501: cc -o conftest -g -O2 -pthread -fvisibility=hidden -fPIC -fPIE -fno-strict-aliasing -fno-strict-overflow -fstack-protector   -pie -Wl,-z,relro -Wl,-z,now -Wl,-z,noexecstack conftest.c   >&5
configure:9501: $? = 0
configure:9501: ./conftest
configure:9501: $? = 0
configure:9513: result: yes
configure:9527: checking whether SIGABRT can be caught when using the C compiler
configure:9581: cc -o conftest -g -O2 -pthread -fvisibility=hidden -fPIC -fPIE -fno-strict-aliasing -fno-strict-overflow -fstack-protector   -pie -Wl,-z,relro -Wl,-z,now -Wl,-z,noexecstack conftest.c   >&5
configure:9581: $? = 0
configure:9581: ./conftest
configure:9581: $? = 0
configure:9593: result: yes
configure:9611: checking for thread local storage (TLS) class
configure:9638: cc -c -g -O2 -pthread -fvisibility=hidden -fPIC -fPIE -fno-strict-aliasing -fno-strict-overflow -fstack-protector  conftest.c >&5
conftest.c: In function 'foo':
conftest.c:46:36: error: expected ';' before 'int'
   46 |                static  thread_local  int bar;
      |                                    ^ ~~~
      |                                    ;
configure:9638: $? = 1
configure: failed program was:
| /* confdefs.h */
| #define PACKAGE_NAME "libsodium"
| #define PACKAGE_TARNAME "libsodium"
| #define PACKAGE_VERSION "1.0.16"
| #define PACKAGE_STRING "libsodium 1.0.16"
| #define PACKAGE_BUGREPORT "https://github.com/jedisct1/libsodium/issues"
| #define PACKAGE_URL "https://github.com/jedisct1/libsodium"
| #define PACKAGE "libsodium"
| #define VERSION "1.0.16"
| #define HAVE_PTHREAD_PRIO_INHERIT 1
| #define HAVE_PTHREAD 1
| #define HAVE_STDIO_H 1
| #define HAVE_STDLIB_H 1
| #define HAVE_STRING_H 1
| #define HAVE_INTTYPES_H 1
| #define HAVE_STDINT_H 1
| #define HAVE_STRINGS_H 1
| #define HAVE_SYS_STAT_H 1
| #define HAVE_SYS_TYPES_H 1
| #define HAVE_UNISTD_H 1
| #define HAVE_WCHAR_H 1
| #define STDC_HEADERS 1
| #define _ALL_SOURCE 1
| #define _DARWIN_C_SOURCE 1
| #define _GNU_SOURCE 1
| #define _HPUX_ALT_XOPEN_SOCKET_API 1
| #define _NETBSD_SOURCE 1
| #define _OPENBSD_SOURCE 1
| #define _POSIX_PTHREAD_SEMANTICS 1
| #define __STDC_WANT_IEC_60559_ATTRIBS_EXT__ 1
| #define __STDC_WANT_IEC_60559_BFP_EXT__ 1
| #define __STDC_WANT_IEC_60559_DFP_EXT__ 1
| #define __STDC_WANT_IEC_60559_FUNCS_EXT__ 1
| #define __STDC_WANT_IEC_60559_TYPES_EXT__ 1
| #define __STDC_WANT_LIB_EXT2__ 1
| #define __STDC_WANT_MATH_SPEC_FUNCS__ 1
| #define _TANDEM_SOURCE 1
| #define __EXTENSIONS__ 1
| #define HAVE_C_VARARRAYS 1
| #define HAVE_CATCHABLE_SEGV 1
| #define HAVE_CATCHABLE_ABRT 1
| /* end confdefs.h.  */
| #include <stdlib.h>
|                static void
|                foo(void) {
|                static  thread_local  int bar;
|                exit(1);
|                }
| int
| main (void)
| {
| 
|   ;
|   return 0;
| }
configure:9638: cc -c -g -O2 -pthread -fvisibility=hidden -fPIC -fPIE -fno-strict-aliasing -fno-strict-overflow -fstack-protector  conftest.c >&5
configure:9638: $? = 0
configure:9651: result: _Thread_local
configure:9659: result: thread local storage is supported
configure:9715: checking how to print strings
configure:9742: result: printf
configure:9763: checking for a sed that does not truncate output
configure:9833: result: /usr/bin/sed
configure:9851: checking for fgrep
configure:9919: result: /usr/bin/grep -F
configure:9955: checking for ld used by cc
configure:10023: result: /usr/bin/ld
configure:10030: checking if the linker (/usr/bin/ld) is GNU ld
configure:10046: result: yes
configure:10058: checking for BSD- or MS-compatible name lister (nm)
configure:10113: result: /usr/bin/nm -B
configure:10253: checking the name lister (/usr/bin/nm -B) interface
configure:10261: cc -c -g -O2 -pthread -fvisibility=hidden -fPIC -fPIE -fno-strict-aliasing -fno-strict-overflow -fstack-protector  conftest.c >&5
configure:10264: /usr/bin/nm -B "conftest.o"
configure:10267: output
0000000000000000 B some_variable
configure:10274: result: BSD nm
configure:10277: checking whether ln -s works
configure:10281: result: yes
configure:10289: checking the maximum length of command line arguments
configure:10421: result: 1572864
configure:10469: checking how to convert x86_64-pc-linux-gnu file names to x86_64-pc-linux-gnu format
configure:10510: result: func_convert_file_noop
configure:10517: checking how to convert x86_64-pc-linux-gnu file names to toolchain format
configure:10538: result: func_convert_file_noop
configure:10545: checking for /usr/bin/ld option to reload object files
configure:10553: result: -r
configure:10632: checking for file
configure:10653: found /usr/bin/file
configure:10664: result: file
configure:10740: checking for objdump
configure:10761: found /usr/bin/objdump
configure:10772: result: objdump
configure:10804: checking how to recognize dependent libraries
configure:11005: result: pass_all
configure:11095: checking for dlltool
configure:11130: result: no
configure:11160: checking how to associate runtime and link libraries
configure:11188: result: printf %s\n
configure:11253: checking for ar
configure:11274: found /usr/bin/ar
configure:11285: result: ar
configure:11338: checking for archiver @FILE support
configure:11356: cc -c -g -O2 -pthread -fvisibility=hidden -fPIC -fPIE -fno-strict-aliasing -fno-strict-overflow -fstack-protector  conftest.c >&5
configure:11356: $? = 0
configure:11360: ar cr libconftest.a @conftest.lst >&5
configure:11363: $? = 0
configure:11368: ar cr libconftest.a @conftest.lst >&5
ar: conftest.o: No such file or directory
configure:11371: $? = 1
configure:11383: result: @
configure:11446: checking for strip
configure:11467: found /usr/bin/strip
configure:11478: result: strip
configure:11555: checking for ranlib
configure:11576: found /usr/bin/ranlib
configure:11587: result: ranlib
configure:11689: checking command to parse /usr/bin/nm -B output from cc object
configure:11843: cc -c -g -O2 -pthread -fvisibility=hidden -fPIC -fPIE -fno-strict-aliasing -fno-strict-overflow -fstack-protector  conftest.c >&5
configure:11846: $? = 0
configure:11850: /usr/bin/nm -B conftest.o | /usr/bin/sed -n -e 's/^.*[	 ]\([ABCDGIRSTW][ABCDGIRSTW]*\)[	 ][	 ]*\([_A-Za-z][_A-Za-z0-9]*\)$/\1 \2 \2/p' | /usr/bin/sed '/ __gnu_lto/d' > conftest.nm
configure:11916: cc -o conftest -g -O2 -pthread -fvisibility=hidden -fPIC -fPIE -fno-strict-aliasing -fno-strict-overflow -fstack-protector   -pie -Wl,-z,relro -Wl,-z,now -Wl,-z,noexecstack conftest.c conftstm.o >&5
configure:11919: $? = 0
configure:11957: result: ok
configure:12004: checking for sysroot
configure:12035: result: no
configure:12042: checking for a working dd
configure:12086: result: /usr/bin/dd
configure:12090: checking how to truncate binary pipes
configure:12106: result: /usr/bin/dd bs=4096 count=1
configure:12243: cc -c -g -O2 -pthread -fvisibility=hidden -fPIC -fPIE -fno-strict-aliasing -fno-strict-overflow -fstack-protector  conftest.c >&5
configure:12246: $? = 0
configure:12443: checking for mt
configure:12464: found /usr/bin/mt
configure:12475: result: mt
configure:12498: checking if mt is a manifest tool
configure:12505: mt '-?'
configure:12513: result: no
configure:13234: checking for dlfcn.h
configure:13234: cc -c -g -O2 -pthread -fvisibility=hidden -fPIC -fPIE -fno-strict-aliasing -fno-strict-overflow -fstack-protector  conftest.c >&5
configure:13234: $? = 0
configure:13234: result: yes
configure:13493: checking for objdir
configure:13509: result: .libs
configure:13773: checking if cc supports -fno-rtti -fno-exceptions
configure:13792: cc -c -g -O2 -pthread -fvisibility=hidden -fPIC -fPIE -fno-strict-aliasing -fno-strict-overflow -fstack-protector  -fno-rtti -fno-exceptions conftest.c >&5
cc1: warning: command-line option '-fno-rtti' is valid for C++/D/ObjC++ but not for C
configure:13796: $? = 0
configure:13809: result: no
configure:14173: checking for cc option to produce PIC
configure:14181: result: -fPIC -DPIC
configure:14189: checking if cc PIC flag -fPIC -DPIC works
configure:14208: cc -c -g -O2 -pthread -fvisibility=hidden -fPIC -fPIE -fno-strict-aliasing -fno-strict-overflow -fstack-protector  -fPIC -DPIC -DPIC conftest.c >&5
configure:14212: $? = 0
configure:14225: result: yes
configure:14254: checking if cc static flag -static works
configure:14283: result: yes
configure:14298: checking if cc supports -c -o file.o
configure:14320: cc -c -g -O2 -pthread -fvisibility=hidden -fPIC -fPIE -fno-strict-aliasing -fno-strict-overflow -fstack-protector  -o out/conftest2.o conftest.c >&5
configure:14324: $? = 0
configure:14346: result: yes
configure:14354: checking if cc supports -c -o file.o
configure:14402: result: yes
configure:14435: checking whether the cc linker (/usr/bin/ld -m elf_x86_64) supports shared libraries
configure:15709: result: yes
configure:15950: checking dynamic linker characteristics
configure:16532: cc -o conftest -g -O2 -pthread -fvisibility=hidden -fPIC -fPIE -fno-strict-aliasing -fno-strict-overflow -fstack-protector   -pie -Wl,-z,relro -Wl,-z,now -Wl,-z,noexecstack -Wl,-rpath -Wl,/foo conftest.c   >&5
configure:16532: $? = 0
configure:16783: result: GNU/Linux ld.so
configure:16905: checking how to hardcode library paths into programs
configure:16930: result: immediate
configure:17482: checking whether stripping libraries is possible
configure:17491: result: yes
configure:17533: checking if libtool supports shared libraries
configure:17535: result: yes
configure:17538: checking whether to build shared libraries
configure:17563: result: no
configure:17566: checking whether to build static libraries
configure:17570: result: yes
configure:17658: checking for ar
configure:17690: result: ar
configure:17719: checking whether C compiler accepts -mmmx
configure:17739: cc -o conftest -g -O2 -pthread -fvisibility=hidden -fPIC -fPIE -fno-strict-aliasing -fno-strict-overflow -fstack-protector  -mmmx   -pie -Wl,-z,relro -Wl,-z,now -Wl,-z,noexecstack conftest.c   >&5
configure:17739: $? = 0
configure:17749: result: yes
configure:17758: checking for MMX instructions set
configure:17774: cc -c -g -O2 -pthread -fvisibility=hidden -fPIC -fPIE -fno-strict-aliasing -fno-strict-overflow -fstack-protector -mmmx  conftest.c >&5
configure:17774: $? = 0
configure:17776: result: yes
configure:17781: checking whether C compiler accepts -mmmx
configure:17811: result: yes
configure:17828: checking whether C compiler accepts -msse2
configure:17848: cc -o conftest -g -O2 -pthread -fvisibility=hidden -fPIC -fPIE -fno-strict-aliasing -fno-strict-overflow -fstack-protector  -msse2   -pie -Wl,-z,relro -Wl,-z,now -Wl,-z,noexecstack conftest.c   >&5
configure:17848: $? = 0
configure:17858: result: yes
configure:17867: checking for SSE2 instructions set
configure:17887: cc -c -g -O2 -pthread -fvisibility=hidden -fPIC -fPIE -fno-strict-aliasing -fno-strict-overflow -fstack-protector -msse2  conftest.c >&5
configure:17887: $? = 0
configure:17889: result: yes
configure:17894: checking whether C compiler accepts -msse2
configure:17924: result: yes
configure:17941: checking whether C compiler accepts -msse3
configure:17961: cc -o conftest -g -O2 -pthread -fvisibility=hidden -fPIC -fPIE -fno-strict-aliasing -fno-strict-overflow -fstack-protector  -msse3   -pie -Wl,-z,relro -Wl,-z,now -Wl,-z,noexecstack conftest.c   >&5
configure:17961: $? = 0
configure:17971: result: yes
configure:17980: checking for SSE3 instructions set
configure:17997: cc -c -g -O2 -pthread -fvisibility=hidden -fPIC -fPIE -fno-strict-aliasing -fno-strict-overflow -fstack-protector -msse3  conftest.c >&5
configure:17997: $? = 0
configure:17999: result: yes
configure:18004: checking whether C compiler accepts -msse3
configure:18034: result: yes
configure:18051: checking whether C compiler accepts -mssse3
configure:18071: cc -o conftest -g -O2 -pthread -fvisibility=hidden -fPIC -fPIE -fno-strict-aliasing -fno-strict-overflow -fstack-protector  -mssse3   -pie -Wl,-z,relro -Wl,-z,now -Wl,-z,noexecstack conftest.c   >&5
configure:18071: $? = 0
configure:18081: result: yes
configure:18090: checking for SSSE3 instructions set
configure:18106: cc -c -g -O2 -pthread -fvisibility=hidden -fPIC -fPIE -fno-strict-aliasing -fno-strict-overflow -fstack-protector -mssse3  conftest.c >&5
configure:18106: $? = 0
configure:18108: result: yes
configure:18113: checking whether C compiler accepts -mssse3
configure:18143: result: yes
configure:18160: checking whether C compiler accepts -msse4.1
configure:18180: cc -o conftest -g -O2 -pthread -fvisibility=hidden -fPIC -fPIE -fno-strict-aliasing -fno-strict-overflow -fstack-protector  -msse4.1   -pie -Wl,-z,relro -Wl,-z,now -Wl,-z,noexecstack conftest.c   >&5
configure:18180: $? = 0
configure:18190: result: yes
configure:18199: checking for SSE4.1 instructions set
configure:18215: cc -c -g -O2 -pthread -fvisibility=hidden -fPIC -fPIE -fno-strict-aliasing -fno-strict-overflow -fstack-protector -msse4.1  conftest.c >&5
configure:18215: $? = 0
configure:18217: result: yes
configure:18222: checking whether C compiler accepts -msse4.1
configure:18252: result: yes
configure:18269: checking whether C compiler accepts -mavx
configure:18289: cc -o conftest -g -O2 -pthread -fvisibility=hidden -fPIC -fPIE -fno-strict-aliasing -fno-strict-overflow -fstack-protector  -mavx   -pie -Wl,-z,relro -Wl,-z,now -Wl,-z,noexecstack conftest.c   >&5
configure:18289: $? = 0
configure:18299: result: yes
configure:18308: checking for AVX instructions set
configure:18327: cc -c -g -O2 -pthread -fvisibility=hidden -fPIC -fPIE -fno-strict-aliasing -fno-strict-overflow -fstack-protector -mavx  conftest.c >&5
configure:18327: $? = 0
configure:18329: result: yes
configure:18334: checking whether C compiler accepts -mavx
configure:18364: result: yes
configure:18381: checking whether C compiler accepts -mavx2
configure:18401: cc -o conftest -g -O2 -pthread -fvisibility=hidden -fPIC -fPIE -fno-strict-aliasing -fno-strict-overflow -fstack-protector  -mavx2   -pie -Wl,-z,relro -Wl,-z,now -Wl,-z,noexecstack conftest.c   >&5
configure:18401: $? = 0
configure:18411: result: yes
configure:18420: checking for AVX2 instructions set
configure:18443: cc -c -g -O2 -pthread -fvisibility=hidden -fPIC -fPIE -fno-strict-aliasing -fno-strict-overflow -fstack-protector -mavx2  conftest.c >&5
configure:18443: $? = 0
configure:18445: result: yes
configure:18450: checking whether C compiler accepts -mavx2
configure:18480: result: yes
configure:18489: checking if _mm256_broadcastsi128_si256 is correctly defined
configure:18508: cc -c -g -O2 -pthread -fvisibility=hidden -fPIC -fPIE -fno-strict-aliasing -fno-strict-overflow -fstack-protector -mavx2  conftest.c >&5
configure:18508: $? = 0
configure:18510: result: yes
configure:18529: checking whether C compiler accepts -mavx512f
configure:18549: cc -o conftest -g -O2 -pthread -fvisibility=hidden -fPIC -fPIE -fno-strict-aliasing -fno-strict-overflow -fstack-protector  -mavx512f   -pie -Wl,-z,relro -Wl,-z,now -Wl,-z,noexecstack conftest.c   >&5
configure:18549: $? = 0
configure:18559: result: yes
configure:18568: checking for AVX512F instructions set
configure:18590: cc -c -g -O2 -pthread -fvisibility=hidden -fPIC -fPIE -fno-strict-aliasing -fno-strict-overflow -fstack-protector -mavx512f  conftest.c >&5
configure:18590: $? = 0
configure:18592: result: yes
configure:18597: checking whether C compiler accepts -mavx512f
configure:18627: result: yes
configure:18644: checking whether C compiler accepts -maes
configure:18664: cc -o conftest -g -O2 -pthread -fvisibility=hidden -fPIC -fPIE -fno-strict-aliasing -fno-strict-overflow -fstack-protector  -maes   -pie -Wl,-z,relro -Wl,-z,now -Wl,-z,noexecstack conftest.c   >&5
configure:18664: $? = 0
configure:18674: result: yes
configure:18683: checking whether C compiler accepts -mpclmul
configure:18703: cc -o conftest -g -O2 -pthread -fvisibility=hidden -fPIC -fPIE -fno-strict-aliasing -fno-strict-overflow -fstack-protector -maes  -mpclmul   -pie -Wl,-z,relro -Wl,-z,now -Wl,-z,noexecstack conftest.c   >&5
configure:18703: $? = 0
configure:18713: result: yes
configure:18722: checking for AESNI instructions set and PCLMULQDQ
configure:18743: cc -c -g -O2 -pthread -fvisibility=hidden -fPIC -fPIE -fno-strict-aliasing -fno-strict-overflow -fstack-protector -maes -mpclmul  conftest.c >&5
configure:18743: $? = 0
configure:18745: result: yes
configure:18750: checking whether C compiler accepts -maes
configure:18780: result: yes
configure:18789: checking whether C compiler accepts -mpclmul
configure:18819: result: yes
configure:18837: checking whether C compiler accepts -mrdrnd
configure:18857: cc -o conftest -g -O2 -pthread -fvisibility=hidden -fPIC -fPIE -fno-strict-aliasing -fno-strict-overflow -fstack-protector  -mrdrnd   -pie -Wl,-z,relro -Wl,-z,now -Wl,-z,noexecstack conftest.c   >&5
configure:18857: $? = 0
configure:18867: result: yes
configure:18876: checking for RDRAND
configure:18895: cc -c -g -O2 -pthread -fvisibility=hidden -fPIC -fPIE -fno-strict-aliasing -fno-strict-overflow -fstack-protector -mrdrnd  conftest.c >&5
configure:18895: $? = 0
configure:18897: result: yes
configure:18902: checking whether C compiler accepts -mrdrnd
configure:18932: result: yes
configure:18964: checking for sys/mman.h
configure:18964: cc -c -g -O2 -pthread -fvisibility=hidden -fPIC -fPIE -fno-strict-aliasing -fno-strict-overflow -fstack-protector  conftest.c >&5
configure:18964: $? = 0
configure:18964: result: yes
configure:18970: checking for intrin.h
configure:18970: cc -c -g -O2 -pthread -fvisibility=hidden -fPIC -fPIE -fno-strict-aliasing -fno-strict-overflow -fstack-protector  conftest.c >&5
conftest.c:85:10: fatal error: intrin.h: No such file or directory
   85 | #include <intrin.h>
      |          ^~~~~~~~~~
compilation terminated.
configure:18970: $? = 1
configure: failed program was:
| /* confdefs.h */
| #define PACKAGE_NAME "libsodium"
| #define PACKAGE_TARNAME "libsodium"
| #define PACKAGE_VERSION "1.0.16"
| #define PACKAGE_STRING "libsodium 1.0.16"
| #define PACKAGE_BUGREPORT "https://github.com/jedisct1/libsodium/issues"
| #define PACKAGE_URL "https://github.com/jedisct1/libsodium"
| #define PACKAGE "libsodium"
| #define VERSION "1.0.16"
| #define HAVE_PTHREAD_PRIO_INHERIT 1
| #define HAVE_PTHREAD 1
| #define HAVE_STDIO_H 1
| #define HAVE_STDLIB_H 1
| #define HAVE_STRING_H 1
| #define HAVE_INTTYPES_H 1
| #define HAVE_STDINT_H 1
| #define HAVE_STRINGS_H 1
| #define HAVE_SYS_STAT_H 1
| #define HAVE_SYS_TYPES_H 1
| #define HAVE_UNISTD_H 1
| #define HAVE_WCHAR_H 1
| #define STDC_HEADERS 1
| #define _ALL_SOURCE 1
| #define _DARWIN_C_SOURCE 1
| #define _GNU_SOURCE 1
| #define _HPUX_ALT_XOPEN_SOCKET_API 1
| #define _NETBSD_SOURCE 1
| #define _OPENBSD_SOURCE 1
| #define _POSIX_PTHREAD_SEMANTICS 1
| #define __STDC_WANT_IEC_60559_ATTRIBS_EXT__ 1
| #define __STDC_WANT_IEC_60559_BFP_EXT__ 1
| #define __STDC_WANT_IEC_60559_DFP_EXT__ 1
| #define __STDC_WANT_IEC_60559_FUNCS_EXT__ 1
| #define __STDC_WANT_IEC_60559_TYPES_EXT__ 1
| #define __STDC_WANT_LIB_EXT2__ 1
| #define __STDC_WANT_MATH_SPEC_FUNCS__ 1
| #define _TANDEM_SOURCE 1
| #define __EXTENSIONS__ 1
| #define HAVE_C_VARARRAYS 1
| #define HAVE_CATCHABLE_SEGV 1
| #define HAVE_CATCHABLE_ABRT 1
| #define TLS _Thread_local
| #define HAVE_DLFCN_H 1
| #define LT_OBJDIR ".libs/"
| #define HAVE_MMINTRIN_H 1
| #define HAVE_EMMINTRIN_H 1
| #define HAVE_PMMINTRIN_H 1
| #define HAVE_TMMINTRIN_H 1
| #define HAVE_SMMINTRIN_H 1
| #define HAVE_AVXINTRIN_H 1
| #define HAVE_AVX2INTRIN_H 1
| #define HAVE_AVX512FINTRIN_H 1
| #define HAVE_WMMINTRIN_H 1
| #define HAVE_RDRAND 1
| #define HAVE_SYS_MMAN_H 1
| /* end confdefs.h.  */
| #include <stddef.h>
| #ifdef HAVE_STDIO_H
| # include <stdio.h>
| #endif
| #ifdef HAVE_STDLIB_H
| # include <stdlib.h>
| #endif
| #ifdef HAVE_STRING_H
| # include <string.h>
| #endif
| #ifdef HAVE_INTTYPES_H
| # include <inttypes.h>
| #endif
| #ifdef HAVE_STDINT_H
| # include <stdint.h>
| #endif
| #ifdef HAVE_STRINGS_H
| # include <strings.h>
| #endif
| #ifdef HAVE_SYS_TYPES_H
| # include <sys/types.h>
| #endif
| #ifdef HAVE_SYS_STAT_H
| # include <sys/stat.h>
| #endif
| #ifdef HAVE_UNISTD_H
| # include <unistd.h>
| #endif
| #include <intrin.h>
configure:18970: result: no
configure:18978: checking if _xgetbv() is available
configure:18991: cc -o conftest -g -O2 -pthread -fvisibility=hidden -fPIC -fPIE -fno-strict-aliasing -fno-strict-overflow -fstack-protector   -pie -Wl,-z,relro -Wl,-z,now -Wl,-z,noexecstack conftest.c   >&5
conftest.c:57:11: fatal error: intrin.h: No such file or directory
   57 |  #include <intrin.h>
      |           ^~~~~~~~~~
compilation terminated.
configure:18991: $? = 1
configure: failed program was:
| /* confdefs.h */
| #define PACKAGE_NAME "libsodium"
| #define PACKAGE_TARNAME "libsodium"
| #define PACKAGE_VERSION "1.0.16"
| #define PACKAGE_STRING "libsodium 1.0.16"
| #define PACKAGE_BUGREPORT "https://github.com/jedisct1/libsodium/issues"
| #define PACKAGE_URL "https://github.com/jedisct1/libsodium"
| #define PACKAGE "libsodium"
| #define VERSION "1.0.16"
| #define HAVE_PTHREAD_PRIO_INHERIT 1
| #define HAVE_PTHREAD 1
| #define HAVE_STDIO_H 1
| #define HAVE_STDLIB_H 1
| #define HAVE_STRING_H 1
| #define HAVE_INTTYPES_H 1
| #define HAVE_STDINT_H 1
| #define HAVE_STRINGS_H 1
| #define HAVE_SYS_STAT_H 1
| #define HAVE_SYS_TYPES_H 1
| #define HAVE_UNISTD_H 1
| #define HAVE_WCHAR_H 1
| #define STDC_HEADERS 1
| #define _ALL_SOURCE 1
| #define _DARWIN_C_SOURCE 1
| #define _GNU_SOURCE 1
| #define _HPUX_ALT_XOPEN_SOCKET_API 1
| #define _NETBSD_SOURCE 1
| #define _OPENBSD_SOURCE 1
| #define _POSIX_PTHREAD_SEMANTICS 1
| #define __STDC_WANT_IEC_60559_ATTRIBS_EXT__ 1
| #define __STDC_WANT_IEC_60559_BFP_EXT__ 1
| #define __STDC_WANT_IEC_60559_DFP_EXT__ 1
| #define __STDC_WANT_IEC_60559_FUNCS_EXT__ 1
| #define __STDC_WANT_IEC_60559_TYPES_EXT__ 1
| #define __STDC_WANT_LIB_EXT2__ 1
| #define __STDC_WANT_MATH_SPEC_FUNCS__ 1
| #define _TANDEM_SOURCE 1
| #define __EXTENSIONS__ 1
| #define HAVE_C_VARARRAYS 1
| #define HAVE_CATCHABLE_SEGV 1
| #define HAVE_CATCHABLE_ABRT 1
| #define TLS _Thread_local
| #define HAVE_DLFCN_H 1
| #define LT_OBJDIR ".libs/"
| #define HAVE_MMINTRIN_H 1
| #define HAVE_EMMINTRIN_H 1
| #define HAVE_PMMINTRIN_H 1
| #define HAVE_TMMINTRIN_H 1
| #define HAVE_SMMINTRIN_H 1
| #define HAVE_AVXINTRIN_H 1
| #define HAVE_AVX2INTRIN_H 1
| #define HAVE_AVX512FINTRIN_H 1
| #define HAVE_WMMINTRIN_H 1
| #define HAVE_RDRAND 1
| #define HAVE_SYS_MMAN_H 1
| /* end confdefs.h.  */
|  #include <intrin.h>
| int
| main (void)
| {
|  (void) _xgetbv(0)
|   ;
|   return 0;
| }
configure:18999: result: no
configure:19006: checking for inline
configure:19023: cc -c -g -O2 -pthread -fvisibility=hidden -fPIC -fPIE -fno-strict-aliasing -fno-strict-overflow -fstack-protector  conftest.c >&5
configure:19023: $? = 0
configure:19032: result: inline
configure:19057: checking whether byte ordering is bigendian
configure:19272: result: no
configure:19292: checking whether __STDC_LIMIT_MACROS is required
configure:19311: cc -c -g -O2 -pthread -fvisibility=hidden -fPIC -fPIE -fno-strict-aliasing -fno-strict-overflow -fstack-protector  conftest.c >&5
configure:19311: $? = 0
configure:19313: result: no
configure:19327: checking whether we can use x86_64 asm code
configure:19357: cc -c -g -O2 -pthread -fvisibility=hidden -fPIC -fPIE -fno-strict-aliasing -fno-strict-overflow -fstack-protector  conftest.c >&5
configure:19357: $? = 0
configure:19359: result: yes
configure:19386: checking whether we can assemble AVX opcodes
configure:19410: cc -c -g -O2 -pthread -fvisibility=hidden -fPIC -fPIE -fno-strict-aliasing -fno-strict-overflow -fstack-protector  conftest.c >&5
configure:19410: $? = 0
configure:19412: result: yes
configure:19435: checking for 128-bit arithmetic
configure:19475: cc -c -g -O2 -pthread -fvisibility=hidden -fPIC -fPIE -fno-strict-aliasing -fno-strict-overflow -fstack-protector  conftest.c >&5
configure:19475: $? = 0
configure:19477: result: yes
configure:19502: checking for cpuid instruction
configure:19521: cc -c -g -O2 -pthread -fvisibility=hidden -fPIC -fPIE -fno-strict-aliasing -fno-strict-overflow -fstack-protector  conftest.c >&5
configure:19521: $? = 0
configure:19523: result: yes
configure:19542: checking if the .private_extern asm directive is supported
configure:19564: cc -o conftest -g -O2 -pthread -fvisibility=hidden -fPIC -fPIE -fno-strict-aliasing -fno-strict-overflow -fstack-protector   -pie -Wl,-z,relro -Wl,-z,now -Wl,-z,noexecstack conftest.c   >&5
conftest.c: Assembler messages:
conftest.c:67: Error: unknown pseudo-op: `.private_extern'
conftest.c:68: Error: unknown pseudo-op: `.private_extern'
configure:19564: $? = 1
configure: failed program was:
| /* confdefs.h */
| #define PACKAGE_NAME "libsodium"
| #define PACKAGE_TARNAME "libsodium"
| #define PACKAGE_VERSION "1.0.16"
| #define PACKAGE_STRING "libsodium 1.0.16"
| #define PACKAGE_BUGREPORT "https://github.com/jedisct1/libsodium/issues"
| #define PACKAGE_URL "https://github.com/jedisct1/libsodium"
| #define PACKAGE "libsodium"
| #define VERSION "1.0.16"
| #define HAVE_PTHREAD_PRIO_INHERIT 1
| #define HAVE_PTHREAD 1
| #define HAVE_STDIO_H 1
| #define HAVE_STDLIB_H 1
| #define HAVE_STRING_H 1
| #define HAVE_INTTYPES_H 1
| #define HAVE_STDINT_H 1
| #define HAVE_STRINGS_H 1
| #define HAVE_SYS_STAT_H 1
| #define HAVE_SYS_TYPES_H 1
| #define HAVE_UNISTD_H 1
| #define HAVE_WCHAR_H 1
| #define STDC_HEADERS 1
| #define _ALL_SOURCE 1
| #define _DARWIN_C_SOURCE 1
| #define _GNU_SOURCE 1
| #define _HPUX_ALT_XOPEN_SOCKET_API 1
| #define _NETBSD_SOURCE 1
| #define _OPENBSD_SOURCE 1
| #define _POSIX_PTHREAD_SEMANTICS 1
| #define __STDC_WANT_IEC_60559_ATTRIBS_EXT__ 1
| #define __STDC_WANT_IEC_60559_BFP_EXT__ 1
| #define __STDC_WANT_IEC_60559_DFP_EXT__ 1
| #define __STDC_WANT_IEC_60559_FUNCS_EXT__ 1
| #define __STDC_WANT_IEC_60559_TYPES_EXT__ 1
| #define __STDC_WANT_LIB_EXT2__ 1
| #define __STDC_WANT_MATH_SPEC_FUNCS__ 1
| #define _TANDEM_SOURCE 1
| #define __EXTENSIONS__ 1
| #define HAVE_C_VARARRAYS 1
| #define HAVE_CATCHABLE_SEGV 1
| #define HAVE_CATCHABLE_ABRT 1
| #define TLS _Thread_local
| #define HAVE_DLFCN_H 1
| #define LT_OBJDIR ".libs/"
| #define HAVE_MMINTRIN_H 1
| #define HAVE_EMMINTRIN_H 1
| #define HAVE_PMMINTRIN_H 1
| #define HAVE_TMMINTRIN_H 1
| #define HAVE_SMMINTRIN_H 1
| #define HAVE_AVXINTRIN_H 1
| #define HAVE_AVX2INTRIN_H 1
| #define HAVE_AVX512FINTRIN_H 1
| #define HAVE_WMMINTRIN_H 1
| #define HAVE_RDRAND 1
| #define HAVE_SYS_MMAN_H 1
| #define NATIVE_LITTLE_ENDIAN 1
| #define HAVE_AMD64_ASM 1
| #define HAVE_AVX_ASM 1
| #define HAVE_TI_MODE 1
| #define HAVE_CPUID 1
| /* end confdefs.h.  */
| 
| int
| main (void)
| {
| 
| __asm__ __volatile__ (".private_extern dummy_symbol \n"
|                       ".private_extern _dummy_symbol \n"
|                       ".globl dummy_symbol \n"
|                       ".globl _dummy_symbol \n"
|                       "dummy_symbol: \n"
|                       "_dummy_symbol: \n"
|                       "    nop \n"
| );
| 
|   ;
|   return 0;
| }
configure:19570: result: no
configure:19576: checking if the .hidden asm directive is supported
configure:19598: cc -o conftest -g -O2 -pthread -fvisibility=hidden -fPIC -fPIE -fno-strict-aliasing -fno-strict-overflow -fstack-protector   -pie -Wl,-z,relro -Wl,-z,now -Wl,-z,noexecstack conftest.c   >&5
configure:19598: $? = 0
configure:19600: result: yes
configure:19629: checking if weak symbols are supported
configure:19649: cc -o conftest -g -O2 -pthread -fvisibility=hidden -fPIC -fPIE -fno-strict-aliasing -fno-strict-overflow -fstack-protector   -pie -Wl,-z,relro -Wl,-z,now -Wl,-z,noexecstack conftest.c   >&5
configure:19649: $? = 0
configure:19651: result: yes
configure:19663: checking if data alignment is required
configure:19699: result: no
configure:19706: checking if atomic operations are supported
configure:19724: cc -o conftest -g -O2 -pthread -fvisibility=hidden -fPIC -fPIE -fno-strict-aliasing -fno-strict-overflow -fstack-protector   -pie -Wl,-z,relro -Wl,-z,now -Wl,-z,noexecstack conftest.c   >&5
configure:19724: $? = 0
configure:19726: result: yes
configure:19739: checking for size_t
configure:19739: cc -c -g -O2 -pthread -fvisibility=hidden -fPIC -fPIE -fno-strict-aliasing -fno-strict-overflow -fstack-protector  conftest.c >&5
configure:19739: $? = 0
configure:19739: cc -c -g -O2 -pthread -fvisibility=hidden -fPIC -fPIE -fno-strict-aliasing -fno-strict-overflow -fstack-protector  conftest.c >&5
conftest.c: In function 'main':
conftest.c:97:21: error: expected expression before ')' token
   97 | if (sizeof ((size_t)))
      |                     ^
configure:19739: $? = 1
configure: failed program was:
| /* confdefs.h */
| #define PACKAGE_NAME "libsodium"
| #define PACKAGE_TARNAME "libsodium"
| #define PACKAGE_VERSION "1.0.16"
| #define PACKAGE_STRING "libsodium 1.0.16"
| #define PACKAGE_BUGREPORT "https://github.com/jedisct1/libsodium/issues"
| #define PACKAGE_URL "https://github.com/jedisct1/libsodium"
| #define PACKAGE "libsodium"
| #define VERSION "1.0.16"
| #define HAVE_PTHREAD_PRIO_INHERIT 1
| #define HAVE_PTHREAD 1
| #define HAVE_STDIO_H 1
| #define HAVE_STDLIB_H 1
| #define HAVE_STRING_H 1
| #define HAVE_INTTYPES_H 1
| #define HAVE_STDINT_H 1
| #define HAVE_STRINGS_H 1
| #define HAVE_SYS_STAT_H 1
| #define HAVE_SYS_TYPES_H 1
| #define HAVE_UNISTD_H 1
| #define HAVE_WCHAR_H 1
| #define STDC_HEADERS 1
| #define _ALL_SOURCE 1
| #define _DARWIN_C_SOURCE 1
| #define _GNU_SOURCE 1
| #define _HPUX_ALT_XOPEN_SOCKET_API 1
| #define _NETBSD_SOURCE 1
| #define _OPENBSD_SOURCE 1
| #define _POSIX_PTHREAD_SEMANTICS 1
| #define __STDC_WANT_IEC_60559_ATTRIBS_EXT__ 1
| #define __STDC_WANT_IEC_60559_BFP_EXT__ 1
| #define __STDC_WANT_IEC_60559_DFP_EXT__ 1
| #define __STDC_WANT_IEC_60559_FUNCS_EXT__ 1
| #define __STDC_WANT_IEC_60559_TYPES_EXT__ 1
| #define __STDC_WANT_LIB_EXT2__ 1
| #define __STDC_WANT_MATH_SPEC_FUNCS__ 1
| #define _TANDEM_SOURCE 1
| #define __EXTENSIONS__ 1
| #define HAVE_C_VARARRAYS 1
| #define HAVE_CATCHABLE_SEGV 1
| #define HAVE_CATCHABLE_ABRT 1
| #define TLS _Thread_local
| #define HAVE_DLFCN_H 1
| #define LT_OBJDIR ".libs/"
| #define HAVE_MMINTRIN_H 1
| #define HAVE_EMMINTRIN_H 1
| #define HAVE_PMMINTRIN_H 1
| #define HAVE_TMMINTRIN_H 1
| #define HAVE_SMMINTRIN_H 1
| #define HAVE_AVXINTRIN_H 1
| #define HAVE_AVX2INTRIN_H 1
| #define HAVE_AVX512FINTRIN_H 1
| #define HAVE_WMMINTRIN_H 1
| #define HAVE_RDRAND 1
| #define HAVE_SYS_MMAN_H 1
| #define NATIVE_LITTLE_ENDIAN 1
| #define HAVE_AMD64_ASM 1
| #define HAVE_AVX_ASM 1
| #define HAVE_TI_MODE 1
| #define HAVE_CPUID 1
| #define ASM_HIDE_SYMBOL .hidden
| #define HAVE_WEAK_SYMBOLS 1
| #define CPU_UNALIGNED_ACCESS 1
| #define HAVE_ATOMIC_OPS 1
| /* end confdefs.h.  */
| #include <stddef.h>
| #ifdef HAVE_STDIO_H
| # include <stdio.h>
| #endif
| #ifdef HAVE_STDLIB_H
| # include <stdlib.h>
| #endif
| #ifdef HAVE_STRING_H
| # include <string.h>
| #endif
| #ifdef HAVE_INTTYPES_H
| # include <inttypes.h>
| #endif
| #ifdef HAVE_STDINT_H
| # include <stdint.h>
| #endif
| #ifdef HAVE_STRINGS_H
| # include <strings.h>
| #endif
| #ifdef HAVE_SYS_TYPES_H
| # include <sys/types.h>
| #endif
| #ifdef HAVE_SYS_STAT_H
| # include <sys/stat.h>
| #endif
| #ifdef HAVE_UNISTD_H
| # include <unistd.h>
| #endif
| int
| main (void)
| {
| if (sizeof ((size_t)))
| 	    return 0;
|   ;
|   return 0;
| }
configure:19739: result: yes
configure:19751: checking for working alloca.h
configure:19769: cc -o conftest -g -O2 -pthread -fvisibility=hidden -fPIC -fPIE -fno-strict-aliasing -fno-strict-overflow -fstack-protector   -pie -Wl,-z,relro -Wl,-z,now -Wl,-z,noexecstack conftest.c   >&5
configure:19769: $? = 0
configure:19778: result: yes
configure:19786: checking for alloca
configure:19831: result: yes
configure:19901: checking for arc4random
configure:19901: cc -o conftest -g -O2 -pthread -fvisibility=hidden -fPIC -fPIE -fno-strict-aliasing -fno-strict-overflow -fstack-protector   -pie -Wl,-z,relro -Wl,-z,now -Wl,-z,noexecstack conftest.c   >&5
configure:19901: $? = 0
configure:19901: result: yes
configure:19907: checking for arc4random_buf
configure:19907: cc -o conftest -g -O2 -pthread -fvisibility=hidden -fPIC -fPIE -fno-strict-aliasing -fno-strict-overflow -fstack-protector   -pie -Wl,-z,relro -Wl,-z,now -Wl,-z,noexecstack conftest.c   >&5
configure:19907: $? = 0
configure:19907: result: yes
configure:19914: checking for mmap
configure:19914: cc -o conftest -g -O2 -pthread -fvisibility=hidden -fPIC -fPIE -fno-strict-aliasing -fno-strict-overflow -fstack-protector   -pie -Wl,-z,relro -Wl,-z,now -Wl,-z,noexecstack conftest.c   >&5
configure:19914: $? = 0
configure:19914: result: yes
configure:19920: checking for mlock
configure:19920: cc -o conftest -g -O2 -pthread -fvisibility=hidden -fPIC -fPIE -fno-strict-aliasing -fno-strict-overflow -fstack-protector   -pie -Wl,-z,relro -Wl,-z,now -Wl,-z,noexecstack conftest.c   >&5
configure:19920: $? = 0
configure:19920: result: yes
configure:19926: checking for madvise
configure:19926: cc -o conftest -g -O2 -pthread -fvisibility=hidden -fPIC -fPIE -fno-strict-aliasing -fno-strict-overflow -fstack-protector   -pie -Wl,-z,relro -Wl,-z,now -Wl,-z,noexecstack conftest.c   >&5
configure:19926: $? = 0
configure:19926: result: yes
configure:19932: checking for mprotect
configure:19932: cc -o conftest -g -O2 -pthread -fvisibility=hidden -fPIC -fPIE -fno-strict-aliasing -fno-strict-overflow -fstack-protector   -pie -Wl,-z,relro -Wl,-z,now -Wl,-z,noexecstack conftest.c   >&5
configure:19932: $? = 0
configure:19932: result: yes
configure:19938: checking for memset_s
configure:19938: cc -o conftest -g -O2 -pthread -fvisibility=hidden -fPIC -fPIE -fno-strict-aliasing -fno-strict-overflow -fstack-protector   -pie -Wl,-z,relro -Wl,-z,now -Wl,-z,noexecstack conftest.c   >&5
/usr/bin/ld: /tmp/cckLBAJf.o: in function `main':
/home/greg/bitcoin-dev/cleanroom/claudelnsym/cln-lnsymmetry/external/x86_64-linux-gnu/libsodium-build/conftest.c:101:(.text.startup+0xb): undefined reference to `memset_s'
collect2: error: ld returned 1 exit status
configure:19938: $? = 1
configure: failed program was:
| /* confdefs.h */
| #define PACKAGE_NAME "libsodium"
| #define PACKAGE_TARNAME "libsodium"
| #define PACKAGE_VERSION "1.0.16"
| #define PACKAGE_STRING "libsodium 1.0.16"
| #define PACKAGE_BUGREPORT "https://github.com/jedisct1/libsodium/issues"
| #define PACKAGE_URL "https://github.com/jedisct1/libsodium"
| #define PACKAGE "libsodium"
| #define VERSION "1.0.16"
| #define HAVE_PTHREAD_PRIO_INHERIT 1
| #define HAVE_PTHREAD 1
| #define HAVE_STDIO_H 1
| #define HAVE_STDLIB_H 1
| #define HAVE_STRING_H 1
| #define HAVE_INTTYPES_H 1
| #define HAVE_STDINT_H 1
| #define HAVE_STRINGS_H 1
| #define HAVE_SYS_STAT_H 1
| #define HAVE_SYS_TYPES_H 1
| #define HAVE_UNISTD_H 1
| #define HAVE_WCHAR_H 1
| #define STDC_HEADERS 1
| #define _ALL_SOURCE 1
| #define _DARWIN_C_SOURCE 1
| #define _GNU_SOURCE 1
| #define _HPUX_ALT_XOPEN_SOCKET_API 1
| #define _NETBSD_SOURCE 1
| #define _OPENBSD_SOURCE 1
| #define _POSIX_PTHREAD_SEMANTICS 1
| #define __STDC_WANT_IEC_60559_ATTRIBS_EXT__ 1
| #define __STDC_WANT_IEC_60559_BFP_EXT__ 1
| #define __STDC_WANT_IEC_60559_DFP_EXT__ 1
| #define __STDC_WANT_IEC_60559_FUNCS_EXT__ 1
| #define __STDC_WANT_IEC_60559_TYPES_EXT__ 1
| #define __STDC_WANT_LIB_EXT2__ 1
| #define __STDC_WANT_MATH_SPEC_FUNCS__ 1
| #define _TANDEM_SOURCE 1
| #define __EXTENSIONS__ 1
| #define HAVE_C_VARARRAYS 1
| #define HAVE_CATCHABLE_SEGV 1
| #define HAVE_CATCHABLE_ABRT 1
| #define TLS _Thread_local
| #define HAVE_DLFCN_H 1
| #define LT_OBJDIR ".libs/"
| #define HAVE_MMINTRIN_H 1
| #define HAVE_EMMINTRIN_H 1
| #define HAVE_PMMINTRIN_H 1
| #define HAVE_TMMINTRIN_H 1
| #define HAVE_SMMINTRIN_H 1
| #define HAVE_AVXINTRIN_H 1
| #define HAVE_AVX2INTRIN_H 1
| #define HAVE_AVX512FINTRIN_H 1
| #define HAVE_WMMINTRIN_H 1
| #define HAVE_RDRAND 1
| #define HAVE_SYS_MMAN_H 1
| #define NATIVE_LITTLE_ENDIAN 1
| #define HAVE_AMD64_ASM 1
| #define HAVE_AVX_ASM 1
| #define HAVE_TI_MODE 1
| #define HAVE_CPUID 1
| #define ASM_HIDE_SYMBOL .hidden
| #define HAVE_WEAK_SYMBOLS 1
| #define CPU_UNALIGNED_ACCESS 1
| #define HAVE_ATOMIC_OPS 1
| #define HAVE_ALLOCA_H 1
| #define HAVE_ALLOCA 1
| #define HAVE_ARC4RANDOM 1
| #define HAVE_ARC4RANDOM_BUF 1
| #define HAVE_MMAP 1
| #define HAVE_MLOCK 1
| #define HAVE_MADVISE 1
| #define HAVE_MPROTECT 1
| /* end confdefs.h.  */
| /* Define memset_s to an innocuous variant, in case <limits.h> declares memset_s.
|    For example, HP-UX 11i <limits.h> declares gettimeofday.  */
| #define memset_s innocuous_memset_s
| 
| /* System header to define __stub macros and hopefully few prototypes,
|    which can conflict with char memset_s (); below.  */
| 
| #include <limits.h>
| #undef memset_s
| 
| /* Override any GCC internal prototype to avoid an error.
|    Use char because int might match the return type of a GCC
|    builtin and then its argument prototype would still apply.  */
| #ifdef __cplusplus
| extern "C"
| #endif
| char memset_s ();
| /* The GNU C library defines this for functions which it implements
|     to always fail with ENOSYS.  Some functions are actually named
|     something starting with __ and the normal name is an alias.  */
| #if defined __stub_memset_s || defined __stub___memset_s
| choke me
| #endif
| 
| int
| main (void)
| {
| return memset_s ();
|   ;
|   return 0;
| }
configure:19938: result: no
configure:19944: checking for explicit_bzero
configure:19944: cc -o conftest -g -O2 -pthread -fvisibility=hidden -fPIC -fPIE -fno-strict-aliasing -fno-strict-overflow -fstack-protector   -pie -Wl,-z,relro -Wl,-z,now -Wl,-z,noexecstack conftest.c   >&5
configure:19944: $? = 0
configure:19944: result: yes
configure:19950: checking for nanosleep
configure:19950: cc -o conftest -g -O2 -pthread -fvisibility=hidden -fPIC -fPIE -fno-strict-aliasing -fno-strict-overflow -fstack-protector   -pie -Wl,-z,relro -Wl,-z,now -Wl,-z,noexecstack conftest.c   >&5
configure:19950: $? = 0
configure:19950: result: yes
configure:19959: checking for posix_memalign
configure:19959: cc -o conftest -g -O2 -pthread -fvisibility=hidden -fPIC -fPIE -fno-strict-aliasing -fno-strict-overflow -fstack-protector   -pie -Wl,-z,relro -Wl,-z,now -Wl,-z,noexecstack conftest.c   >&5
conftest.c:92:6: warning: conflicting types for built-in function 'posix_memalign'; expected 'int(void **, long unsigned int,  long unsigned int)' [-Wbuiltin-declaration-mismatch]
   92 | char posix_memalign ();
      |      ^~~~~~~~~~~~~~
configure:19959: $? = 0
configure:19959: result: yes
configure:19965: checking for getpid
configure:19965: cc -o conftest -g -O2 -pthread -fvisibility=hidden -fPIC -fPIE -fno-strict-aliasing -fno-strict-overflow -fstack-protector   -pie -Wl,-z,relro -Wl,-z,now -Wl,-z,noexecstack conftest.c   >&5
configure:19965: $? = 0
configure:19965: result: yes
configure:20336: checking if gcc/ld supports -Wl,--output-def
configure:20370: result: not needed, shared libraries are disabled
configure:20531: checking that generated files are newer than configure
configure:20537: result: done
configure:20600: creating ./config.status

## ---------------------- ##
## Running config.status. ##
## ---------------------- ##

This file was extended by libsodium config.status 1.0.16, which was
generated by GNU Autoconf 2.71.  Invocation command line was

  CONFIG_FILES    = 
  CONFIG_HEADERS  = 
  CONFIG_LINKS    = 
  CONFIG_COMMANDS = 
  $ ./config.status 

on greg-Laptop

config.status:1098: creating Makefile
config.status:1098: creating builds/Makefile
config.status:1098: creating contrib/Makefile
config.status:1098: creating dist-build/Makefile
config.status:1098: creating libsodium.pc
config.status:1098: creating libsodium-uninstalled.pc
config.status:1098: creating msvc-scripts/Makefile
config.status:1098: creating src/Makefile
config.status:1098: creating src/libsodium/Makefile
config.status:1098: creating src/libsodium/include/Makefile
config.status:1098: creating src/libsodium/include/sodium/version.h
config.status:1098: creating test/default/Makefile
config.status:1098: creating test/Makefile
config.status:1255: executing depfiles commands
config.status:1332: cd src/libsodium       && sed -e '/# am--include-marker/d' Makefile         | make -f - am--depfiles
make[1]: Entering directory '/home/greg/bitcoin-dev/cleanroom/claudelnsym/cln-lnsymmetry/external/x86_64-linux-gnu/libsodium-build/src/libsodium'
make[1]: Nothing to be done for 'am--depfiles'.
make[1]: Leaving directory '/home/greg/bitcoin-dev/cleanroom/claudelnsym/cln-lnsymmetry/external/x86_64-linux-gnu/libsodium-build/src/libsodium'
config.status:1337: $? = 0
config.status:1332: cd test/default       && sed -e '/# am--include-marker/d' Makefile         | make -f - am--depfiles
make[1]: Entering directory '/home/greg/bitcoin-dev/cleanroom/claudelnsym/cln-lnsymmetry/external/x86_64-linux-gnu/libsodium-build/test/default'
make[1]: Nothing to be done for 'am--depfiles'.
make[1]: Leaving directory '/home/greg/bitcoin-dev/cleanroom/claudelnsym/cln-lnsymmetry/external/x86_64-linux-gnu/libsodium-build/test/default'
config.status:1337: $? = 0
config.status:1255: executing libtool commands

## ---------------- ##
## Cache variables. ##
## ---------------- ##

ac_cv_build=x86_64-pc-linux-gnu
ac_cv_c_bigendian=no
ac_cv_c_compiler_gnu=yes
ac_cv_c_inline=inline
ac_cv_c_vararrays=yes
ac_cv_defined__FORTIFY_SOURCE=yes
ac_cv_defined___native_client__=no
ac_cv_env_AR_set=
ac_cv_env_AR_value=
ac_cv_env_CCASFLAGS_set=
ac_cv_env_CCASFLAGS_value=
ac_cv_env_CCAS_set=
ac_cv_env_CCAS_value=
ac_cv_env_CC_set=set
ac_cv_env_CC_value=cc
ac_cv_env_CFLAGS_set=
ac_cv_env_CFLAGS_value=
ac_cv_env_CPPFLAGS_set=
ac_cv_env_CPPFLAGS_value=
ac_cv_env_CPP_set=
ac_cv_env_CPP_value=
ac_cv_env_CWFLAGS_set=
ac_cv_env_CWFLAGS_value=
ac_cv_env_LDFLAGS_set=
ac_cv_env_LDFLAGS_value=
ac_cv_env_LIBS_set=
ac_cv_env_LIBS_value=
ac_cv_env_LT_SYS_LIBRARY_PATH_set=
ac_cv_env_LT_SYS_LIBRARY_PATH_value=
ac_cv_env_SAFECODE_HOME_set=
ac_cv_env_SAFECODE_HOME_value=
ac_cv_env_build_alias_set=
ac_cv_env_build_alias_value=
ac_cv_env_host_alias_set=
ac_cv_env_host_alias_value=
ac_cv_env_target_alias_set=
ac_cv_env_target_alias_value=
ac_cv_func_alloca_works=yes
ac_cv_func_arc4random=yes
ac_cv_func_arc4random_buf=yes
ac_cv_func_explicit_bzero=yes
ac_cv_func_getpid=yes
ac_cv_func_madvise=yes
ac_cv_func_memset_s=no
ac_cv_func_mlock=yes
ac_cv_func_mmap=yes
ac_cv_func_mprotect=yes
ac_cv_func_nanosleep=yes
ac_cv_func_posix_memalign=yes
ac_cv_header_dlfcn_h=yes
ac_cv_header_intrin_h=no
ac_cv_header_inttypes_h=yes
ac_cv_header_minix_config_h=no
ac_cv_header_stdint_h=yes
ac_cv_header_stdio_h=yes
ac_cv_header_stdlib_h=yes
ac_cv_header_string_h=yes
ac_cv_header_strings_h=yes
ac_cv_header_sys_mman_h=yes
ac_cv_header_sys_stat_h=yes
ac_cv_header_sys_types_h=yes
ac_cv_header_unistd_h=yes
ac_cv_header_wchar_h=yes
ac_cv_host=x86_64-pc-linux-gnu
ac_cv_objext=o
ac_cv_path_EGREP='/usr/bin/grep -E'
ac_cv_path_FGREP='/usr/bin/grep -F'
ac_cv_path_GREP=/usr/bin/grep
ac_cv_path_SED=/usr/bin/sed
ac_cv_path_install='/usr/bin/install -c'
ac_cv_path_lt_DD=/usr/bin/dd
ac_cv_path_mkdir=/usr/bin/mkdir
ac_cv_prog_AWK=mawk
ac_cv_prog_CPP='cc -E'
ac_cv_prog_ac_ct_AR=ar
ac_cv_prog_ac_ct_CC=cc
ac_cv_prog_ac_ct_FILECMD=file
ac_cv_prog_ac_ct_MANIFEST_TOOL=mt
ac_cv_prog_ac_ct_OBJDUMP=objdump
ac_cv_prog_ac_ct_RANLIB=ranlib
ac_cv_prog_ac_ct_STRIP=strip
ac_cv_prog_cc_c11=
ac_cv_prog_cc_g=yes
ac_cv_prog_cc_stdc=
ac_cv_prog_make_make_set=yes
ac_cv_safe_to_define___extensions__=yes
ac_cv_should_define__xopen_source=no
ac_cv_tls=_Thread_local
ac_cv_type_size_t=yes
ac_cv_working_alloca_h=yes
am_cv_CCAS_dependencies_compiler_type=gcc3
am_cv_CC_dependencies_compiler_type=gcc3
am_cv_make_support_nested_variables=yes
am_cv_prog_cc_c_o=yes
am_cv_prog_tar_ustar=gnutar
ax_cv_PTHREAD_CLANG=no
ax_cv_PTHREAD_JOINABLE_ATTR=PTHREAD_CREATE_JOINABLE
ax_cv_PTHREAD_PRIO_INHERIT=yes
ax_cv_PTHREAD_SPECIAL_FLAGS=no
ax_cv_check_cCATCHABLE_ABRT=yes
ax_cv_check_cCATCHABLE_SEGV=yes
ax_cv_check_cflags___fPIC=yes
ax_cv_check_cflags___fPIE=yes
ax_cv_check_cflags___fno_strict_aliasing=yes
ax_cv_check_cflags___fno_strict_overflow=yes
ax_cv_check_cflags___fstack_protector=yes
ax_cv_check_cflags___fvisibility_hidden=yes
ax_cv_check_cflags___g__O2__pthread__fvisibility_hidden__fPIC__fPIE__fno_strict_aliasing__fno_strict_overflow__fstack_protector__Wall=yes
ax_cv_check_cflags___g__O2__pthread__fvisibility_hidden__fPIC__fPIE__fno_strict_aliasing__fno_strict_overflow__fstack_protector__Wextra=yes
ax_cv_check_cflags___g__O2__pthread__fvisibility_hidden__fPIC__fPIE__fno_strict_aliasing__fno_strict_overflow__fstack_protector__Wextra__Wbad_function_cast=yes
ax_cv_check_cflags___g__O2__pthread__fvisibility_hidden__fPIC__fPIE__fno_strict_aliasing__fno_strict_overflow__fstack_protector__Wextra__Wbad_function_cast__Wcast_qual=yes
ax_cv_check_cflags___g__O2__pthread__fvisibility_hidden__fPIC__fPIE__fno_strict_aliasing__fno_strict_overflow__fstack_protector__Wextra__Wbad_function_cast__Wcast_qual__Wdiv_by_zero=yes
ax_cv_check_cflags___g__O2__pthread__fvisibility_hidden__fPIC__fPIE__fno_strict_aliasing__fno_strict_overflow__fstack_protector__Wextra__Wbad_function_cast__Wcast_qual__Wdiv_by_zero__Wduplicated_branches=yes
ax_cv_check_cflags___g__O2__pthread__fvisibility_hidden__fPIC__fPIE__fno_strict_aliasing__fno_strict_overflow__fstack_protector__Wextra__Wbad_function_cast__Wcast_qual__Wdiv_by_zero__Wduplicated_branches__Wduplicated_cond=yes
ax_cv_check_cflags___g__O2__pthread__fvisibility_hidden__fPIC__fPIE__fno_strict_aliasing__fno_strict_overflow__fstack_protector__Wextra__Wbad_function_cast__Wcast_qual__Wdiv_by_zero__Wduplicated_branches__Wduplicated_cond__Wfloat_equal=yes
ax_cv_check_cflags___g__O2__pthread__fvisibility_hidden__fPIC__fPIE__fno_strict_aliasing__fno_strict_overflow__fstack_protector__Wextra__Wbad_function_cast__Wcast_qual__Wdiv_by_zero__Wduplicated_branches__Wduplicated_cond__Wfloat_equal__Wformat_2=yes
ax_cv_check_cflags___g__O2__pthread__fvisibility_hidden__fPIC__fPIE__fno_strict_aliasing__fno_strict_overflow__fstack_protector__Wextra__Wbad_function_cast__Wcast_qual__Wdiv_by_zero__Wduplicated_branches__Wduplicated_cond__Wfloat_equal__Wformat_2__Wlogical_op=yes
ax_cv_check_cflags___g__O2__pthread__fvisibility_hidden__fPIC__fPIE__fno_strict_aliasing__fno_strict_overflow__fstack_protector__Wextra__Wbad_function_cast__Wcast_qual__Wdiv_by_zero__Wduplicated_branches__Wduplicated_cond__Wfloat_equal__Wformat_2__Wlogical_op__Wmaybe_uninitialized=yes
ax_cv_check_cflags___g__O2__pthread__fvisibility_hidden__fPIC__fPIE__fno_strict_aliasing__fno_strict_overflow__fstack_protector__Wextra__Wbad_function_cast__Wcast_qual__Wdiv_by_zero__Wduplicated_branches__Wduplicated_cond__Wfloat_equal__Wformat_2__Wlogical_op__Wmaybe_uninitialized__Wmisleading_indentation=yes
ax_cv_check_cflags___g__O2__pthread__fvisibility_hidden__fPIC__fPIE__fno_strict_aliasing__fno_strict_overflow__fstack_protector__Wextra__Wbad_function_cast__Wcast_qual__Wdiv_by_zero__Wduplicated_branches__Wduplicated_cond__Wfloat_equal__Wformat_2__Wlogical_op__Wmaybe_uninitialized__Wmisleading_indentation__Wmissing_declarations=yes
ax_cv_check_cflags___g__O2__pthread__fvisibility_hidden__fPIC__fPIE__fno_strict_aliasing__fno_strict_overflow__fstack_protector__Wextra__Wbad_function_cast__Wcast_qual__Wdiv_by_zero__Wduplicated_branches__Wduplicated_cond__Wfloat_equal__Wformat_2__Wlogical_op__Wmaybe_uninitialized__Wmisleading_indentation__Wmissing_declarations__Wmissing_prototypes=yes
ax_cv_check_cflags___g__O2__pthread__fvisibility_hidden__fPIC__fPIE__fno_strict_aliasing__fno_strict_overflow__fstack_protector__Wextra__Wbad_function_cast__Wcast_qual__Wdiv_by_zero__Wduplicated_branches__Wduplicated_cond__Wfloat_equal__Wformat_2__Wlogical_op__Wmaybe_uninitialized__Wmisleading_indentation__Wmissing_declarations__Wmissing_prototypes__Wnested_externs=yes
ax_cv_check_cflags___g__O2__pthread__fvisibility_hidden__fPIC__fPIE__fno_strict_aliasing__fno_strict_overflow__fstack_protector__Wextra__Wbad_function_cast__Wcast_qual__Wdiv_by_zero__Wduplicated_branches__Wduplicated_cond__Wfloat_equal__Wformat_2__Wlogical_op__Wmaybe_uninitialized__Wmisleading_indentation__Wmissing_declarations__Wmissing_prototypes__Wnested_externs__Wno_type_limits=yes
ax_cv_check_cflags___g__O2__pthread__fvisibility_hidden__fPIC__fPIE__fno_strict_aliasing__fno_strict_overflow__fstack_protector__Wextra__Wbad_function_cast__Wcast_qual__Wdiv_by_zero__Wduplicated_branches__Wduplicated_cond__Wfloat_equal__Wformat_2__Wlogical_op__Wmaybe_uninitialized__Wmisleading_indentation__Wmissing_declarations__Wmissing_prototypes__Wnested_externs__Wno_type_limits__Wno_unknown_pragmas=yes
ax_cv_check_cflags___g__O2__pthread__fvisibility_hidden__fPIC__fPIE__fno_strict_aliasing__fno_strict_overflow__fstack_protector__Wextra__Wbad_function_cast__Wcast_qual__Wdiv_by_zero__Wduplicated_branches__Wduplicated_cond__Wfloat_equal__Wformat_2__Wlogical_op__Wmaybe_uninitialized__Wmisleading_indentation__Wmissing_declarations__Wmissing_prototypes__Wnested_externs__Wno_type_limits__Wno_unknown_pragmas__Wnormalized_id=yes
ax_cv_check_cflags___g__O2__pthread__fvisibility_hidden__fPIC__fPIE__fno_strict_aliasing__fno_strict_overflow__fstack_protector__Wextra__Wbad_function_cast__Wcast_qual__Wdiv_by_zero__Wduplicated_branches__Wduplicated_cond__Wfloat_equal__Wformat_2__Wlogical_op__Wmaybe_uninitialized__Wmisleading_indentation__Wmissing_declarations__Wmissing_prototypes__Wnested_externs__Wno_type_limits__Wno_unknown_pragmas__Wnormalized_id__Wnull_dereference=yes
ax_cv_check_cflags___g__O2__pthread__fvisibility_hidden__fPIC__fPIE__fno_strict_aliasing__fno_strict_overflow__fstack_protector__Wextra__Wbad_function_cast__Wcast_qual__Wdiv_by_zero__Wduplicated_branches__Wduplicated_cond__Wfloat_equal__Wformat_2__Wlogical_op__Wmaybe_uninitialized__Wmisleading_indentation__Wmissing_declarations__Wmissing_prototypes__Wnested_externs__Wno_type_limits__Wno_unknown_pragmas__Wnormalized_id__Wnull_dereference__Wold_style_declaration=yes
ax_cv_check_cflags___g__O2__pthread__fvisibility_hidden__fPIC__fPIE__fno_strict_aliasing__fno_strict_overflow__fstack_protector__Wextra__Wbad_function_cast__Wcast_qual__Wdiv_by_zero__Wduplicated_branches__Wduplicated_cond__Wfloat_equal__Wformat_2__Wlogical_op__Wmaybe_uninitialized__Wmisleading_indentation__Wmissing_declarations__Wmissing_prototypes__Wnested_externs__Wno_type_limits__Wno_unknown_pragmas__Wnormalized_id__Wnull_dereference__Wold_style_declaration__Wpointer_arith=yes
ax_cv_check_cflags___g__O2__pthread__fvisibility_hidden__fPIC__fPIE__fno_strict_aliasing__fno_strict_overflow__fstack_protector__Wextra__Wbad_function_cast__Wcast_qual__Wdiv_by_zero__Wduplicated_branches__Wduplicated_cond__Wfloat_equal__Wformat_2__Wlogical_op__Wmaybe_uninitialized__Wmisleading_indentation__Wmissing_declarations__Wmissing_prototypes__Wnested_externs__Wno_type_limits__Wno_unknown_pragmas__Wnormalized_id__Wnull_dereference__Wold_style_declaration__Wpointer_arith__Wredundant_decls=yes
ax_cv_check_cflags___g__O2__pthread__fvisibility_hidden__fPIC__fPIE__fno_strict_aliasing__fno_strict_overflow__fstack_protector__Wextra__Wbad_function_cast__Wcast_qual__Wdiv_by_zero__Wduplicated_branches__Wduplicated_cond__Wfloat_equal__Wformat_2__Wlogical_op__Wmaybe_uninitialized__Wmisleading_indentation__Wmissing_declarations__Wmissing_prototypes__Wnested_externs__Wno_type_limits__Wno_unknown_pragmas__Wnormalized_id__Wnull_dereference__Wold_style_declaration__Wpointer_arith__Wredundant_decls__Wrestrict=yes
ax_cv_check_cflags___g__O2__pthread__fvisibility_hidden__fPIC__fPIE__fno_strict_aliasing__fno_strict_overflow__fstack_protector__Wextra__Wbad_function_cast__Wcast_qual__Wdiv_by_zero__Wduplicated_branches__Wduplicated_cond__Wfloat_equal__Wformat_2__Wlogical_op__Wmaybe_uninitialized__Wmisleading_indentation__Wmissing_declarations__Wmissing_prototypes__Wnested_externs__Wno_type_limits__Wno_unknown_pragmas__Wnormalized_id__Wnull_dereference__Wold_style_declaration__Wpointer_arith__Wredundant_decls__Wrestrict__Wshorten_64_to_32=no
ax_cv_check_cflags___g__O2__pthread__fvisibility_hidden__fPIC__fPIE__fno_strict_aliasing__fno_strict_overflow__fstack_protector__Wextra__Wbad_function_cast__Wcast_qual__Wdiv_by_zero__Wduplicated_branches__Wduplicated_cond__Wfloat_equal__Wformat_2__Wlogical_op__Wmaybe_uninitialized__Wmisleading_indentation__Wmissing_declarations__Wmissing_prototypes__Wnested_externs__Wno_type_limits__Wno_unknown_pragmas__Wnormalized_id__Wnull_dereference__Wold_style_declaration__Wpointer_arith__Wredundant_decls__Wrestrict__Wsometimes_uninitialized=no
ax_cv_check_cflags___g__O2__pthread__fvisibility_hidden__fPIC__fPIE__fno_strict_aliasing__fno_strict_overflow__fstack_protector__Wextra__Wbad_function_cast__Wcast_qual__Wdiv_by_zero__Wduplicated_branches__Wduplicated_cond__Wfloat_equal__Wformat_2__Wlogical_op__Wmaybe_uninitialized__Wmisleading_indentation__Wmissing_declarations__Wmissing_prototypes__Wnested_externs__Wno_type_limits__Wno_unknown_pragmas__Wnormalized_id__Wnull_dereference__Wold_style_declaration__Wpointer_arith__Wredundant_decls__Wrestrict__Wstrict_prototypes=yes
ax_cv_check_cflags___g__O2__pthread__fvisibility_hidden__fPIC__fPIE__fno_strict_aliasing__fno_strict_overflow__fstack_protector__Wextra__Wbad_function_cast__Wcast_qual__Wdiv_by_zero__Wduplicated_branches__Wduplicated_cond__Wfloat_equal__Wformat_2__Wlogical_op__Wmaybe_uninitialized__Wmisleading_indentation__Wmissing_declarations__Wmissing_prototypes__Wnested_externs__Wno_type_limits__Wno_unknown_pragmas__Wnormalized_id__Wnull_dereference__Wold_style_declaration__Wpointer_arith__Wredundant_decls__Wrestrict__Wstrict_prototypes__Wswitch_enum=yes
ax_cv_check_cflags___g__O2__pthread__fvisibility_hidden__fPIC__fPIE__fno_strict_aliasing__fno_strict_overflow__fstack_protector__Wextra__Wbad_function_cast__Wcast_qual__Wdiv_by_zero__Wduplicated_branches__Wduplicated_cond__Wfloat_equal__Wformat_2__Wlogical_op__Wmaybe_uninitialized__Wmisleading_indentation__Wmissing_declarations__Wmissing_prototypes__Wnested_externs__Wno_type_limits__Wno_unknown_pragmas__Wnormalized_id__Wnull_dereference__Wold_style_declaration__Wpointer_arith__Wredundant_decls__Wrestrict__Wstrict_prototypes__Wswitch_enum__Wvariable_decl=no
ax_cv_check_cflags___g__O2__pthread__fvisibility_hidden__fPIC__fPIE__fno_strict_aliasing__fno_strict_overflow__fstack_protector__Wextra__Wbad_function_cast__Wcast_qual__Wdiv_by_zero__Wduplicated_branches__Wduplicated_cond__Wfloat_equal__Wformat_2__Wlogical_op__Wmaybe_uninitialized__Wmisleading_indentation__Wmissing_declarations__Wmissing_prototypes__Wnested_externs__Wno_type_limits__Wno_unknown_pragmas__Wnormalized_id__Wnull_dereference__Wold_style_declaration__Wpointer_arith__Wredundant_decls__Wrestrict__Wstrict_prototypes__Wswitch_enum__Wwrite_strings=yes
ax_cv_check_cflags___maes=yes
ax_cv_check_cflags___mavx2=yes
ax_cv_check_cflags___mavx512f=yes
ax_cv_check_cflags___mavx=yes
ax_cv_check_cflags___mmmx=yes
ax_cv_check_cflags___mpclmul=yes
ax_cv_check_cflags___mrdrnd=yes
ax_cv_check_cflags___msse2=yes
ax_cv_check_cflags___msse3=yes
ax_cv_check_cflags___msse4_1=yes
ax_cv_check_cflags___mssse3=yes
ax_cv_check_ldflags___Wl__z_noexecstack=yes
ax_cv_check_ldflags___Wl__z_now=yes
ax_cv_check_ldflags___Wl__z_relro=yes
ax_cv_check_ldflags___fstack_protector=yes
ax_cv_check_ldflags___pie=yes
gl_cv_ld_output_def='not needed, shared libraries are disabled'
lt_cv_ar_at_file=@
lt_cv_deplibs_check_method=pass_all
lt_cv_file_magic_cmd='$MAGIC_CMD'
lt_cv_file_magic_test_file=
lt_cv_ld_reload_flag=-r
lt_cv_nm_interface='BSD nm'
lt_cv_objdir=.libs
lt_cv_path_LD=/usr/bin/ld
lt_cv_path_NM='/usr/bin/nm -B'
lt_cv_path_mainfest_tool=no
lt_cv_prog_compiler_c_o=yes
lt_cv_prog_compiler_pic='-fPIC -DPIC'
lt_cv_prog_compiler_pic_works=yes
lt_cv_prog_compiler_rtti_exceptions=no
lt_cv_prog_compiler_static_works=yes
lt_cv_prog_gnu_ld=yes
lt_cv_sharedlib_from_linklib_cmd='printf %s\n'
lt_cv_shlibpath_overrides_runpath=yes
lt_cv_sys_global_symbol_pipe='/usr/bin/sed -n -e '\''s/^.*[	 ]\([ABCDGIRSTW][ABCDGIRSTW]*\)[	 ][	 ]*\([_A-Za-z][_A-Za-z0-9]*\)$/\1 \2 \2/p'\'' | /usr/bin/sed '\''/ __gnu_lto/d'\'''
lt_cv_sys_global_symbol_to_c_name_address='/usr/bin/sed -n -e '\''s/^: \(.*\) .*$/  {"\1", (void *) 0},/p'\'' -e '\''s/^[ABCDGIRSTW][ABCDGIRSTW]* .* \(.*\)$/  {"\1", (void *) \&\1},/p'\'''
lt_cv_sys_global_symbol_to_c_name_address_lib_prefix='/usr/bin/sed -n -e '\''s/^: \(.*\) .*$/  {"\1", (void *) 0},/p'\'' -e '\''s/^[ABCDGIRSTW][ABCDGIRSTW]* .* \(lib.*\)$/  {"\1", (void *) \&\1},/p'\'' -e '\''s/^[ABCDGIRSTW][ABCDGIRSTW]* .* \(.*\)$/  {"lib\1", (void *) \&\1},/p'\'''
lt_cv_sys_global_symbol_to_cdecl='/usr/bin/sed -n -e '\''s/^T .* \(.*\)$/extern int \1();/p'\'' -e '\''s/^[ABCDGIRSTW][ABCDGIRSTW]* .* \(.*\)$/extern char \1;/p'\'''
lt_cv_sys_global_symbol_to_import=
lt_cv_sys_max_cmd_len=1572864
lt_cv_to_host_file_cmd=func_convert_file_noop
lt_cv_to_tool_file_cmd=func_convert_file_noop
lt_cv_truncate_bin='/usr/bin/dd bs=4096 count=1'

## ----------------- ##
## Output variables. ##
## ----------------- ##

	@echo "Need to use GNU make and reconfigure with --enable-valgrind"'
ACLOCAL='${SHELL} '\''/home/greg/bitcoin-dev/cleanroom/claudelnsym/cln-lnsymmetry/external/libsodium/build-aux/missing'\'' aclocal-1.16'
ALLOCA=''
AMDEPBACKSLASH='\'
AMDEP_FALSE='#'
AMDEP_TRUE=''
AMTAR='$${TAR-tar}'
AM_BACKSLASH='\'
AM_DEFAULT_V='$(AM_DEFAULT_VERBOSITY)'
AM_DEFAULT_VERBOSITY='0'
AM_V='$(V)'
AR='ar'
AS='as'
AUTOCONF='${SHELL} '\''/home/greg/bitcoin-dev/cleanroom/claudelnsym/cln-lnsymmetry/external/libsodium/build-aux/missing'\'' autoconf'
AUTOHEADER='${SHELL} '\''/home/greg/bitcoin-dev/cleanroom/claudelnsym/cln-lnsymmetry/external/libsodium/build-aux/missing'\'' autoheader'
AUTOMAKE='${SHELL} '\''/home/greg/bitcoin-dev/cleanroom/claudelnsym/cln-lnsymmetry/external/libsodium/build-aux/missing'\'' automake-1.16'
AWK='mawk'
CC='cc'
CCAS='cc'
CCASDEPMODE='depmode=gcc3'
CCASFLAGS='-g -O2 -pthread'
CCDEPMODE='depmode=gcc3'
CFLAGS='-g -O2 -pthread -fvisibility=hidden -fPIC -fPIE -fno-strict-aliasing -fno-strict-overflow -fstack-protector'
CFLAGS_AESNI='-maes'
CFLAGS_AVX2='-mavx2'
CFLAGS_AVX512F='-mavx512f'
CFLAGS_AVX='-mavx'
CFLAGS_MMX='-mmmx'
CFLAGS_PCLMUL='-mpclmul'
CFLAGS_RDRAND='-mrdrnd'
CFLAGS_SSE2='-msse2'
CFLAGS_SSE3='-msse3'
CFLAGS_SSE41='-msse4.1'
CFLAGS_SSSE3='-mssse3'
CPP='cc -E'
CPPFLAGS=''
CSCOPE='cscope'
CTAGS='ctags'
CWFLAGS='-g -O2 -pthread -fvisibility=hidden -fPIC -fPIE -fno-strict-aliasing -fno-strict-overflow -fstack-protector -Wextra -Wbad-function-cast -Wcast-qual -Wdiv-by-zero -Wduplicated-branches -Wduplicated-cond -Wfloat-equal -Wformat=2 -Wlogical-op -Wmaybe-uninitialized -Wmisleading-indentation -Wmissing-declarations -Wmissing-prototypes -Wnested-externs -Wno-type-limits -Wno-unknown-pragmas -Wnormalized=id -Wnull-dereference -Wold-style-declaration -Wpointer-arith -Wredundant-decls -Wrestrict -Wstrict-prototypes -Wswitch-enum -Wwrite-strings'
CYGPATH_W='echo'
DEFS='-DPACKAGE_NAME=\"libsodium\" -DPACKAGE_TARNAME=\"libsodium\" -DPACKAGE_VERSION=\"1.0.16\" -DPACKAGE_STRING=\"libsodium\ 1.0.16\" -DPACKAGE_BUGREPORT=\"https://github.com/jedisct1/libsodium/issues\" -DPACKAGE_URL=\"https://github.com/jedisct1/libsodium\" -DPACKAGE=\"libsodium\" -DVERSION=\"1.0.16\" -DHAVE_PTHREAD_PRIO_INHERIT=1 -DHAVE_PTHREAD=1 -DHAVE_STDIO_H=1 -DHAVE_STDLIB_H=1 -DHAVE_STRING_H=1 -DHAVE_INTTYPES_H=1 -DHAVE_STDINT_H=1 -DHAVE_STRINGS_H=1 -DHAVE_SYS_STAT_H=1 -DHAVE_SYS_TYPES_H=1 -DHAVE_UNISTD_H=1 -DHAVE_WCHAR_H=1 -DSTDC_HEADERS=1 -D_ALL_SOURCE=1 -D_DARWIN_C_SOURCE=1 -D_GNU_SOURCE=1 -D_HPUX_ALT_XOPEN_SOCKET_API=1 -D_NETBSD_SOURCE=1 -D_OPENBSD_SOURCE=1 -D_POSIX_PTHREAD_SEMANTICS=1 -D__STDC_WANT_IEC_60559_ATTRIBS_EXT__=1 -D__STDC_WANT_IEC_60559_BFP_EXT__=1 -D__STDC_WANT_IEC_60559_DFP_EXT__=1 -D__STDC_WANT_IEC_60559_FUNCS_EXT__=1 -D__STDC_WANT_IEC_60559_TYPES_EXT__=1 -D__STDC_WANT_LIB_EXT2__=1 -D__STDC_WANT_MATH_SPEC_FUNCS__=1 -D_TANDEM_SOURCE=1 -D__EXTENSIONS__=1 -DHAVE_C_VARARRAYS=1 -DHAVE_CATCHABLE_SEGV=1 -DHAVE_CATCHABLE_ABRT=1 -DTLS=_Thread_local -DHAVE_DLFCN_H=1 -DLT_OBJDIR=\".libs/\" -DHAVE_MMINTRIN_H=1 -DHAVE_EMMINTRIN_H=1 -DHAVE_PMMINTRIN_H=1 -DHAVE_TMMINTRIN_H=1 -DHAVE_SMMINTRIN_H=1 -DHAVE_AVXINTRIN_H=1 -DHAVE_AVX2INTRIN_H=1 -DHAVE_AVX512FINTRIN_H=1 -DHAVE_WMMINTRIN_H=1 -DHAVE_RDRAND=1 -DHAVE_SYS_MMAN_H=1 -DNATIVE_LITTLE_ENDIAN=1 -DHAVE_AMD64_ASM=1 -DHAVE_AVX_ASM=1 -DHAVE_TI_MODE=1 -DHAVE_CPUID=1 -DASM_HIDE_SYMBOL=.hidden -DHAVE_WEAK_SYMBOLS=1 -DCPU_UNALIGNED_ACCESS=1 -DHAVE_ATOMIC_OPS=1 -DHAVE_ALLOCA_H=1 -DHAVE_ALLOCA=1 -DHAVE_ARC4RANDOM=1 -DHAVE_ARC4RANDOM_BUF=1 -DHAVE_MMAP=1 -DHAVE_MLOCK=1 -DHAVE_MADVISE=1 -DHAVE_MPROTECT=1 -DHAVE_EXPLICIT_BZERO=1 -DHAVE_NANOSLEEP=1 -DHAVE_POSIX_MEMALIGN=1 -DHAVE_GETPID=1 -DCONFIGURED=1'
DEPDIR='.deps'
DLLTOOL='false'
DLL_VERSION='8'
DSYMUTIL=''
DUMPBIN=''
ECHO_C=''
ECHO_N='-n'
ECHO_T=''
EGREP='/usr/bin/grep -E'
EMSCRIPTEN_FALSE=''
EMSCRIPTEN_TRUE='#'
ENABLE_VALGRIND_drd='no'
ENABLE_VALGRIND_helgrind='no'
ENABLE_VALGRIND_memcheck='no'
ENABLE_VALGRIND_sgcheck='no'
ETAGS='etags'
EXEEXT=''
FGREP='/usr/bin/grep -F'
FILECMD='file'
GREP='/usr/bin/grep'
HAVE_AMD64_ASM_FALSE='#'
HAVE_AMD64_ASM_TRUE=''
HAVE_AMD64_ASM_V='1'
HAVE_AVX_ASM_FALSE='#'
HAVE_AVX_ASM_TRUE=''
HAVE_AVX_ASM_V='1'
HAVE_CPUID_V='1'
HAVE_LD_OUTPUT_DEF_FALSE=''
HAVE_LD_OUTPUT_DEF_TRUE='#'
HAVE_TI_MODE_FALSE='#'
HAVE_TI_MODE_TRUE=''
HAVE_TI_MODE_V='1'
INSTALL_DATA='${INSTALL} -m 644'
INSTALL_PROGRAM='${INSTALL}'
INSTALL_SCRIPT='${INSTALL}'
INSTALL_STRIP_PROGRAM='$(install_sh) -c -s'
ISODATE='2026-01-15'
LD='/usr/bin/ld -m elf_x86_64'
LDFLAGS=' -pie -Wl,-z,relro -Wl,-z,now -Wl,-z,noexecstack'
LIBOBJS=''
LIBS=' '
LIBTOOL='$(SHELL) $(top_builddir)/libtool'
LIBTOOL_DEPS='../../libsodium/build-aux//ltmain.sh'
LIBTOOL_EXTRA_FLAGS=' -version-info 24:0:1'
LIPO=''
LN_S='ln -s'
LTLIBOBJS=''
LT_SYS_LIBRARY_PATH=''
MAINT='#'
MAINTAINER_MODE_FALSE=''
MAINTAINER_MODE_TRUE='#'
MAKEINFO='${SHELL} '\''/home/greg/bitcoin-dev/cleanroom/claudelnsym/cln-lnsymmetry/external/libsodium/build-aux/missing'\'' makeinfo'
MANIFEST_TOOL=':'
MINIMAL_FALSE=''
MINIMAL_TRUE='#'
MKDIR_P='/usr/bin/mkdir -p'
NATIVECLIENT_FALSE=''
NATIVECLIENT_TRUE='#'
NM='/usr/bin/nm -B'
NMEDIT=''
OBJDUMP='objdump'
OBJEXT='o'
OTOOL64=''
OTOOL=''
PACKAGE='libsodium'
PACKAGE_BUGREPORT='https://github.com/jedisct1/libsodium/issues'
PACKAGE_NAME='libsodium'
PACKAGE_STRING='libsodium 1.0.16'
PACKAGE_TARNAME='libsodium'
PACKAGE_URL='https://github.com/jedisct1/libsodium'
PACKAGE_VERSION='1.0.16'
PATH_SEPARATOR=':'
PTHREAD_CC='cc'
PTHREAD_CFLAGS='-pthread'
PTHREAD_LIBS=''
RANLIB='ranlib'
SAFECODE_HOME=''
SED='/usr/bin/sed'
SET_MAKE=''
SHELL='/bin/bash'
SODIUM_LIBRARY_MINIMAL_DEF=''
SODIUM_LIBRARY_VERSION='24:0:1'
SODIUM_LIBRARY_VERSION_MAJOR='10'
SODIUM_LIBRARY_VERSION_MINOR='1'
STRIP='strip'
TEST_LDFLAGS=''
VALGRIND=''
VALGRIND_CHECK_RULES='
VALGRIND_ENABLED='no'
VALGRIND_ENABLED_FALSE=''
VALGRIND_ENABLED_TRUE='#'
VERSION='1.0.16'
ac_ct_AR='ar'
ac_ct_CC='cc'
ac_ct_DUMPBIN=''
am__EXEEXT_FALSE=''
am__EXEEXT_TRUE='#'
am__fastdepCCAS_FALSE='#'
am__fastdepCCAS_TRUE=''
am__fastdepCC_FALSE='#'
am__fastdepCC_TRUE=''
am__include='include'
am__isrc=' -I$(srcdir)'
am__leading_dot='.'
am__nodep='_no'
am__quote=''
am__tar='tar --format=ustar -chf - "$$tardir"'
am__untar='tar -xf -'
ax_pthread_config=''
bindir='${exec_prefix}/bin'
build='x86_64-pc-linux-gnu'
build_alias=''
build_cpu='x86_64'
build_os='linux-gnu'
build_vendor='pc'
check-valgrind:
datadir='${datarootdir}'
datarootdir='${prefix}/share'
docdir='${datarootdir}/doc/${PACKAGE_TARNAME}'
dvidir='${docdir}'
exec_prefix='${prefix}'
host='x86_64-pc-linux-gnu'
host_alias=''
host_cpu='x86_64'
host_os='linux-gnu'
host_vendor='pc'
htmldir='${docdir}'
includedir='${prefix}/include'
infodir='${datarootdir}/info'
install_sh='${SHELL} /home/greg/bitcoin-dev/cleanroom/claudelnsym/cln-lnsymmetry/external/libsodium/build-aux/install-sh'
libdir='/'
libexecdir='${exec_prefix}/libexec'
localedir='${datarootdir}/locale'
localstatedir='${prefix}/var'
mandir='${datarootdir}/man'
mkdir_p='$(MKDIR_P)'
oldincludedir='/usr/include'
pdfdir='${docdir}'
prefix='/'
program_transform_name='s,x,x,'
psdir='${docdir}'
runstatedir='${localstatedir}/run'
sbindir='${exec_prefix}/sbin'
sharedstatedir='${prefix}/com'
sysconfdir='${prefix}/etc'
target_alias=''
valgrind_enabled_tools=''
valgrind_tools='memcheck helgrind drd sgcheck'

## ----------- ##
## confdefs.h. ##
## ----------- ##

/* confdefs.h */
#define PACKAGE_NAME "libsodium"
#define PACKAGE_TARNAME "libsodium"
#define PACKAGE_VERSION "1.0.16"
#define PACKAGE_STRING "libsodium 1.0.16"
#define PACKAGE_BUGREPORT "https://github.com/jedisct1/libsodium/issues"
#define PACKAGE_URL "https://github.com/jedisct1/libsodium"
#define PACKAGE "libsodium"
#define VERSION "1.0.16"
#define HAVE_PTHREAD_PRIO_INHERIT 1
#define HAVE_PTHREAD 1
#define HAVE_STDIO_H 1
#define HAVE_STDLIB_H 1
#define HAVE_STRING_H 1
#define HAVE_INTTYPES_H 1
#define HAVE_STDINT_H 1
#define HAVE_STRINGS_H 1
#define HAVE_SYS_STAT_H 1
#define HAVE_SYS_TYPES_H 1
#define HAVE_UNISTD_H 1
#define HAVE_WCHAR_H 1
#define STDC_HEADERS 1
#define _ALL_SOURCE 1
#define _DARWIN_C_SOURCE 1
#define _GNU_SOURCE 1
#define _HPUX_ALT_XOPEN_SOCKET_API 1
#define _NETBSD_SOURCE 1
#define _OPENBSD_SOURCE 1
#define _POSIX_PTHREAD_SEMANTICS 1
#define __STDC_WANT_IEC_60559_ATTRIBS_EXT__ 1
#define __STDC_WANT_IEC_60559_BFP_EXT__ 1
#define __STDC_WANT_IEC_60559_DFP_EXT__ 1
#define __STDC_WANT_IEC_60559_FUNCS_EXT__ 1
#define __STDC_WANT_IEC_60559_TYPES_EXT__ 1
#define __STDC_WANT_LIB_EXT2__ 1
#define __STDC_WANT_MATH_SPEC_FUNCS__ 1
#define _TANDEM_SOURCE 1
#define __EXTENSIONS__ 1
#define HAVE_C_VARARRAYS 1
#define HAVE_CATCHABLE_SEGV 1
#define HAVE_CATCHABLE_ABRT 1
#define TLS _Thread_local
#define HAVE_DLFCN_H 1
#define LT_OBJDIR ".libs/"
#define HAVE_MMINTRIN_H 1
#define HAVE_EMMINTRIN_H 1
#define HAVE_PMMINTRIN_H 1
#define HAVE_TMMINTRIN_H 1
#define HAVE_SMMINTRIN_H 1
#define HAVE_AVXINTRIN_H 1
#define HAVE_AVX2INTRIN_H 1
#define HAVE_AVX512FINTRIN_H 1
#define HAVE_WMMINTRIN_H 1
#define HAVE_RDRAND 1
#define HAVE_SYS_MMAN_H 1
#define NATIVE_LITTLE_ENDIAN 1
#define HAVE_AMD64_ASM 1
#define HAVE_AVX_ASM 1
#define HAVE_TI_MODE 1
#define HAVE_CPUID 1
#define ASM_HIDE_SYMBOL .hidden
#define HAVE_WEAK_SYMBOLS 1
#define CPU_UNALIGNED_ACCESS 1
#define HAVE_ATOMIC_OPS 1
#define HAVE_ALLOCA_H 1
#define HAVE_ALLOCA 1
#define HAVE_ARC4RANDOM 1
#define HAVE_ARC4RANDOM_BUF 1
#define HAVE_MMAP 1
#define HAVE_MLOCK 1
#define HAVE_MADVISE 1
#define HAVE_MPROTECT 1
#define HAVE_EXPLICIT_BZERO 1
#define HAVE_NANOSLEEP 1
#define HAVE_POSIX_MEMALIGN 1
#define HAVE_GETPID 1
#define CONFIGURED 1

configure: exit 0
